Acc_valeurX;Acc_valeurY;Acc_tpsDepuisDebut;MT_note;MT_doigt;MT_tpsPresse;MT_tpsDepuisDebut;Perf_idMorceau;Perf_nbFaussesNotes;Perf_nbNotesTotal
2668;5184;-2.956;8;4;0.479;3.441;1;21;34
2661;5172;-1.957;8;4;0.479;3.441;1;21;34
2674;5201;-0.957;8;4;0.479;3.441;1;21;34
2646;5207;0.043;8;4;0.479;3.441;1;21;34
4122;3541;1.042;8;4;0.479;3.441;1;21;34
3618;4228;2.042;8;4;0.479;3.441;1;21;34
4509;4114;3.041;8;4;0.479;3.441;1;21;34
5397;2214;4.040;8;4;0.479;3.441;1;21;34
1081;3603;5.040;8;4;0.479;3.441;1;21;34
3231;4402;6.039;8;4;0.479;3.441;1;21;34
4528;4565;7.038;8;4;0.479;3.441;1;21;34
4733;5950;8.038;8;4;0.479;3.441;1;21;34
-12577;2664;9.038;8;4;0.479;3.441;1;21;34
5648;5301;10.037;8;4;0.479;3.441;1;21;34
5117;4683;11.036;8;4;0.479;3.441;1;21;34
6030;3596;12.036;8;4;0.479;3.441;1;21;34
4238;5619;13.035;8;4;0.479;3.441;1;21;34
14294;12930;14.035;8;4;0.479;3.441;1;21;34
3839;6754;15.034;8;4;0.479;3.441;1;21;34
3070;5005;16.033;8;4;0.479;3.441;1;21;34
3669;5288;17.033;8;4;0.479;3.441;1;21;34
4460;5566;18.032;8;4;0.479;3.441;1;21;34
5565;4976;19.032;8;4;0.479;3.441;1;21;34
4062;4754;20.031;8;4;0.479;3.441;1;21;34
3509;5648;21.030;8;4;0.479;3.441;1;21;34
2993;4545;22.030;8;4;0.479;3.441;1;21;34
-1521;-670;23.029;8;4;0.479;3.441;1;21;34
3318;4223;24.029;8;4;0.479;3.441;1;21;34
2280;2011;25.028;8;4;0.479;3.441;1;21;34
4426;6062;26.028;8;4;0.479;3.441;1;21;34
697;3927;27.027;8;4;0.479;3.441;1;21;34
2098;5373;28.027;8;4;0.479;3.441;1;21;34
-1136;5125;29.026;8;4;0.479;3.441;1;21;34
9;3176;30.026;8;4;0.479;3.441;1;21;34
1653;5237;31.025;8;4;0.479;3.441;1;21;34
2696;4268;32.024;8;4;0.479;3.441;1;21;34
7013;8119;33.024;8;4;0.479;3.441;1;21;34
3362;5030;34.023;8;4;0.479;3.441;1;21;34
2059;5522;35.023;8;4;0.479;3.441;1;21;34
787;3894;36.022;8;4;0.479;3.441;1;21;34
3100;5737;37.022;8;4;0.479;3.441;1;21;34
3015;6068;38.021;8;4;0.479;3.441;1;21;34
2989;6064;39.021;8;4;0.479;3.441;1;21;34
3013;6051;40.020;8;4;0.479;3.441;1;21;34
2993;6068;41.019;8;4;0.479;3.441;1;21;34
2668;5184;-2.956;8;4;0.654;4.040;1;21;34
2661;5172;-1.957;8;4;0.654;4.040;1;21;34
2674;5201;-0.957;8;4;0.654;4.040;1;21;34
2646;5207;0.043;8;4;0.654;4.040;1;21;34
4122;3541;1.042;8;4;0.654;4.040;1;21;34
3618;4228;2.042;8;4;0.654;4.040;1;21;34
4509;4114;3.041;8;4;0.654;4.040;1;21;34
5397;2214;4.040;8;4;0.654;4.040;1;21;34
1081;3603;5.040;8;4;0.654;4.040;1;21;34
3231;4402;6.039;8;4;0.654;4.040;1;21;34
4528;4565;7.038;8;4;0.654;4.040;1;21;34
4733;5950;8.038;8;4;0.654;4.040;1;21;34
-12577;2664;9.038;8;4;0.654;4.040;1;21;34
5648;5301;10.037;8;4;0.654;4.040;1;21;34
5117;4683;11.036;8;4;0.654;4.040;1;21;34
6030;3596;12.036;8;4;0.654;4.040;1;21;34
4238;5619;13.035;8;4;0.654;4.040;1;21;34
14294;12930;14.035;8;4;0.654;4.040;1;21;34
3839;6754;15.034;8;4;0.654;4.040;1;21;34
3070;5005;16.033;8;4;0.654;4.040;1;21;34
3669;5288;17.033;8;4;0.654;4.040;1;21;34
4460;5566;18.032;8;4;0.654;4.040;1;21;34
5565;4976;19.032;8;4;0.654;4.040;1;21;34
4062;4754;20.031;8;4;0.654;4.040;1;21;34
3509;5648;21.030;8;4;0.654;4.040;1;21;34
2993;4545;22.030;8;4;0.654;4.040;1;21;34
-1521;-670;23.029;8;4;0.654;4.040;1;21;34
3318;4223;24.029;8;4;0.654;4.040;1;21;34
2280;2011;25.028;8;4;0.654;4.040;1;21;34
4426;6062;26.028;8;4;0.654;4.040;1;21;34
697;3927;27.027;8;4;0.654;4.040;1;21;34
2098;5373;28.027;8;4;0.654;4.040;1;21;34
-1136;5125;29.026;8;4;0.654;4.040;1;21;34
9;3176;30.026;8;4;0.654;4.040;1;21;34
1653;5237;31.025;8;4;0.654;4.040;1;21;34
2696;4268;32.024;8;4;0.654;4.040;1;21;34
7013;8119;33.024;8;4;0.654;4.040;1;21;34
3362;5030;34.023;8;4;0.654;4.040;1;21;34
2059;5522;35.023;8;4;0.654;4.040;1;21;34
787;3894;36.022;8;4;0.654;4.040;1;21;34
3100;5737;37.022;8;4;0.654;4.040;1;21;34
3015;6068;38.021;8;4;0.654;4.040;1;21;34
2989;6064;39.021;8;4;0.654;4.040;1;21;34
3013;6051;40.020;8;4;0.654;4.040;1;21;34
2993;6068;41.019;8;4;0.654;4.040;1;21;34
2668;5184;-2.956;8;4;0.208;4.740;1;21;34
2661;5172;-1.957;8;4;0.208;4.740;1;21;34
2674;5201;-0.957;8;4;0.208;4.740;1;21;34
2646;5207;0.043;8;4;0.208;4.740;1;21;34
4122;3541;1.042;8;4;0.208;4.740;1;21;34
3618;4228;2.042;8;4;0.208;4.740;1;21;34
4509;4114;3.041;8;4;0.208;4.740;1;21;34
5397;2214;4.040;8;4;0.208;4.740;1;21;34
1081;3603;5.040;8;4;0.208;4.740;1;21;34
3231;4402;6.039;8;4;0.208;4.740;1;21;34
4528;4565;7.038;8;4;0.208;4.740;1;21;34
4733;5950;8.038;8;4;0.208;4.740;1;21;34
-12577;2664;9.038;8;4;0.208;4.740;1;21;34
5648;5301;10.037;8;4;0.208;4.740;1;21;34
5117;4683;11.036;8;4;0.208;4.740;1;21;34
6030;3596;12.036;8;4;0.208;4.740;1;21;34
4238;5619;13.035;8;4;0.208;4.740;1;21;34
14294;12930;14.035;8;4;0.208;4.740;1;21;34
3839;6754;15.034;8;4;0.208;4.740;1;21;34
3070;5005;16.033;8;4;0.208;4.740;1;21;34
3669;5288;17.033;8;4;0.208;4.740;1;21;34
4460;5566;18.032;8;4;0.208;4.740;1;21;34
5565;4976;19.032;8;4;0.208;4.740;1;21;34
4062;4754;20.031;8;4;0.208;4.740;1;21;34
3509;5648;21.030;8;4;0.208;4.740;1;21;34
2993;4545;22.030;8;4;0.208;4.740;1;21;34
-1521;-670;23.029;8;4;0.208;4.740;1;21;34
3318;4223;24.029;8;4;0.208;4.740;1;21;34
2280;2011;25.028;8;4;0.208;4.740;1;21;34
4426;6062;26.028;8;4;0.208;4.740;1;21;34
697;3927;27.027;8;4;0.208;4.740;1;21;34
2098;5373;28.027;8;4;0.208;4.740;1;21;34
-1136;5125;29.026;8;4;0.208;4.740;1;21;34
9;3176;30.026;8;4;0.208;4.740;1;21;34
1653;5237;31.025;8;4;0.208;4.740;1;21;34
2696;4268;32.024;8;4;0.208;4.740;1;21;34
7013;8119;33.024;8;4;0.208;4.740;1;21;34
3362;5030;34.023;8;4;0.208;4.740;1;21;34
2059;5522;35.023;8;4;0.208;4.740;1;21;34
787;3894;36.022;8;4;0.208;4.740;1;21;34
3100;5737;37.022;8;4;0.208;4.740;1;21;34
3015;6068;38.021;8;4;0.208;4.740;1;21;34
2989;6064;39.021;8;4;0.208;4.740;1;21;34
3013;6051;40.020;8;4;0.208;4.740;1;21;34
2993;6068;41.019;8;4;0.208;4.740;1;21;34
2668;5184;-2.956;8;4;0.305;5.290;1;21;34
2661;5172;-1.957;8;4;0.305;5.290;1;21;34
2674;5201;-0.957;8;4;0.305;5.290;1;21;34
2646;5207;0.043;8;4;0.305;5.290;1;21;34
4122;3541;1.042;8;4;0.305;5.290;1;21;34
3618;4228;2.042;8;4;0.305;5.290;1;21;34
4509;4114;3.041;8;4;0.305;5.290;1;21;34
5397;2214;4.040;8;4;0.305;5.290;1;21;34
1081;3603;5.040;8;4;0.305;5.290;1;21;34
3231;4402;6.039;8;4;0.305;5.290;1;21;34
4528;4565;7.038;8;4;0.305;5.290;1;21;34
4733;5950;8.038;8;4;0.305;5.290;1;21;34
-12577;2664;9.038;8;4;0.305;5.290;1;21;34
5648;5301;10.037;8;4;0.305;5.290;1;21;34
5117;4683;11.036;8;4;0.305;5.290;1;21;34
6030;3596;12.036;8;4;0.305;5.290;1;21;34
4238;5619;13.035;8;4;0.305;5.290;1;21;34
14294;12930;14.035;8;4;0.305;5.290;1;21;34
3839;6754;15.034;8;4;0.305;5.290;1;21;34
3070;5005;16.033;8;4;0.305;5.290;1;21;34
3669;5288;17.033;8;4;0.305;5.290;1;21;34
4460;5566;18.032;8;4;0.305;5.290;1;21;34
5565;4976;19.032;8;4;0.305;5.290;1;21;34
4062;4754;20.031;8;4;0.305;5.290;1;21;34
3509;5648;21.030;8;4;0.305;5.290;1;21;34
2993;4545;22.030;8;4;0.305;5.290;1;21;34
-1521;-670;23.029;8;4;0.305;5.290;1;21;34
3318;4223;24.029;8;4;0.305;5.290;1;21;34
2280;2011;25.028;8;4;0.305;5.290;1;21;34
4426;6062;26.028;8;4;0.305;5.290;1;21;34
697;3927;27.027;8;4;0.305;5.290;1;21;34
2098;5373;28.027;8;4;0.305;5.290;1;21;34
-1136;5125;29.026;8;4;0.305;5.290;1;21;34
9;3176;30.026;8;4;0.305;5.290;1;21;34
1653;5237;31.025;8;4;0.305;5.290;1;21;34
2696;4268;32.024;8;4;0.305;5.290;1;21;34
7013;8119;33.024;8;4;0.305;5.290;1;21;34
3362;5030;34.023;8;4;0.305;5.290;1;21;34
2059;5522;35.023;8;4;0.305;5.290;1;21;34
787;3894;36.022;8;4;0.305;5.290;1;21;34
3100;5737;37.022;8;4;0.305;5.290;1;21;34
3015;6068;38.021;8;4;0.305;5.290;1;21;34
2989;6064;39.021;8;4;0.305;5.290;1;21;34
3013;6051;40.020;8;4;0.305;5.290;1;21;34
2993;6068;41.019;8;4;0.305;5.290;1;21;34
2668;5184;-2.956;6;4;0.014;5.840;1;21;34
2661;5172;-1.957;6;4;0.014;5.840;1;21;34
2674;5201;-0.957;6;4;0.014;5.840;1;21;34
2646;5207;0.043;6;4;0.014;5.840;1;21;34
4122;3541;1.042;6;4;0.014;5.840;1;21;34
3618;4228;2.042;6;4;0.014;5.840;1;21;34
4509;4114;3.041;6;4;0.014;5.840;1;21;34
5397;2214;4.040;6;4;0.014;5.840;1;21;34
1081;3603;5.040;6;4;0.014;5.840;1;21;34
3231;4402;6.039;6;4;0.014;5.840;1;21;34
4528;4565;7.038;6;4;0.014;5.840;1;21;34
4733;5950;8.038;6;4;0.014;5.840;1;21;34
-12577;2664;9.038;6;4;0.014;5.840;1;21;34
5648;5301;10.037;6;4;0.014;5.840;1;21;34
5117;4683;11.036;6;4;0.014;5.840;1;21;34
6030;3596;12.036;6;4;0.014;5.840;1;21;34
4238;5619;13.035;6;4;0.014;5.840;1;21;34
14294;12930;14.035;6;4;0.014;5.840;1;21;34
3839;6754;15.034;6;4;0.014;5.840;1;21;34
3070;5005;16.033;6;4;0.014;5.840;1;21;34
3669;5288;17.033;6;4;0.014;5.840;1;21;34
4460;5566;18.032;6;4;0.014;5.840;1;21;34
5565;4976;19.032;6;4;0.014;5.840;1;21;34
4062;4754;20.031;6;4;0.014;5.840;1;21;34
3509;5648;21.030;6;4;0.014;5.840;1;21;34
2993;4545;22.030;6;4;0.014;5.840;1;21;34
-1521;-670;23.029;6;4;0.014;5.840;1;21;34
3318;4223;24.029;6;4;0.014;5.840;1;21;34
2280;2011;25.028;6;4;0.014;5.840;1;21;34
4426;6062;26.028;6;4;0.014;5.840;1;21;34
697;3927;27.027;6;4;0.014;5.840;1;21;34
2098;5373;28.027;6;4;0.014;5.840;1;21;34
-1136;5125;29.026;6;4;0.014;5.840;1;21;34
9;3176;30.026;6;4;0.014;5.840;1;21;34
1653;5237;31.025;6;4;0.014;5.840;1;21;34
2696;4268;32.024;6;4;0.014;5.840;1;21;34
7013;8119;33.024;6;4;0.014;5.840;1;21;34
3362;5030;34.023;6;4;0.014;5.840;1;21;34
2059;5522;35.023;6;4;0.014;5.840;1;21;34
787;3894;36.022;6;4;0.014;5.840;1;21;34
3100;5737;37.022;6;4;0.014;5.840;1;21;34
3015;6068;38.021;6;4;0.014;5.840;1;21;34
2989;6064;39.021;6;4;0.014;5.840;1;21;34
3013;6051;40.020;6;4;0.014;5.840;1;21;34
2993;6068;41.019;6;4;0.014;5.840;1;21;34
2668;5184;-2.956;8;4;0.477;5.889;1;21;34
2661;5172;-1.957;8;4;0.477;5.889;1;21;34
2674;5201;-0.957;8;4;0.477;5.889;1;21;34
2646;5207;0.043;8;4;0.477;5.889;1;21;34
4122;3541;1.042;8;4;0.477;5.889;1;21;34
3618;4228;2.042;8;4;0.477;5.889;1;21;34
4509;4114;3.041;8;4;0.477;5.889;1;21;34
5397;2214;4.040;8;4;0.477;5.889;1;21;34
1081;3603;5.040;8;4;0.477;5.889;1;21;34
3231;4402;6.039;8;4;0.477;5.889;1;21;34
4528;4565;7.038;8;4;0.477;5.889;1;21;34
4733;5950;8.038;8;4;0.477;5.889;1;21;34
-12577;2664;9.038;8;4;0.477;5.889;1;21;34
5648;5301;10.037;8;4;0.477;5.889;1;21;34
5117;4683;11.036;8;4;0.477;5.889;1;21;34
6030;3596;12.036;8;4;0.477;5.889;1;21;34
4238;5619;13.035;8;4;0.477;5.889;1;21;34
14294;12930;14.035;8;4;0.477;5.889;1;21;34
3839;6754;15.034;8;4;0.477;5.889;1;21;34
3070;5005;16.033;8;4;0.477;5.889;1;21;34
3669;5288;17.033;8;4;0.477;5.889;1;21;34
4460;5566;18.032;8;4;0.477;5.889;1;21;34
5565;4976;19.032;8;4;0.477;5.889;1;21;34
4062;4754;20.031;8;4;0.477;5.889;1;21;34
3509;5648;21.030;8;4;0.477;5.889;1;21;34
2993;4545;22.030;8;4;0.477;5.889;1;21;34
-1521;-670;23.029;8;4;0.477;5.889;1;21;34
3318;4223;24.029;8;4;0.477;5.889;1;21;34
2280;2011;25.028;8;4;0.477;5.889;1;21;34
4426;6062;26.028;8;4;0.477;5.889;1;21;34
697;3927;27.027;8;4;0.477;5.889;1;21;34
2098;5373;28.027;8;4;0.477;5.889;1;21;34
-1136;5125;29.026;8;4;0.477;5.889;1;21;34
9;3176;30.026;8;4;0.477;5.889;1;21;34
1653;5237;31.025;8;4;0.477;5.889;1;21;34
2696;4268;32.024;8;4;0.477;5.889;1;21;34
7013;8119;33.024;8;4;0.477;5.889;1;21;34
3362;5030;34.023;8;4;0.477;5.889;1;21;34
2059;5522;35.023;8;4;0.477;5.889;1;21;34
787;3894;36.022;8;4;0.477;5.889;1;21;34
3100;5737;37.022;8;4;0.477;5.889;1;21;34
3015;6068;38.021;8;4;0.477;5.889;1;21;34
2989;6064;39.021;8;4;0.477;5.889;1;21;34
3013;6051;40.020;8;4;0.477;5.889;1;21;34
2993;6068;41.019;8;4;0.477;5.889;1;21;34
2668;5184;-2.956;8;4;0.570;6.439;1;21;34
2661;5172;-1.957;8;4;0.570;6.439;1;21;34
2674;5201;-0.957;8;4;0.570;6.439;1;21;34
2646;5207;0.043;8;4;0.570;6.439;1;21;34
4122;3541;1.042;8;4;0.570;6.439;1;21;34
3618;4228;2.042;8;4;0.570;6.439;1;21;34
4509;4114;3.041;8;4;0.570;6.439;1;21;34
5397;2214;4.040;8;4;0.570;6.439;1;21;34
1081;3603;5.040;8;4;0.570;6.439;1;21;34
3231;4402;6.039;8;4;0.570;6.439;1;21;34
4528;4565;7.038;8;4;0.570;6.439;1;21;34
4733;5950;8.038;8;4;0.570;6.439;1;21;34
-12577;2664;9.038;8;4;0.570;6.439;1;21;34
5648;5301;10.037;8;4;0.570;6.439;1;21;34
5117;4683;11.036;8;4;0.570;6.439;1;21;34
6030;3596;12.036;8;4;0.570;6.439;1;21;34
4238;5619;13.035;8;4;0.570;6.439;1;21;34
14294;12930;14.035;8;4;0.570;6.439;1;21;34
3839;6754;15.034;8;4;0.570;6.439;1;21;34
3070;5005;16.033;8;4;0.570;6.439;1;21;34
3669;5288;17.033;8;4;0.570;6.439;1;21;34
4460;5566;18.032;8;4;0.570;6.439;1;21;34
5565;4976;19.032;8;4;0.570;6.439;1;21;34
4062;4754;20.031;8;4;0.570;6.439;1;21;34
3509;5648;21.030;8;4;0.570;6.439;1;21;34
2993;4545;22.030;8;4;0.570;6.439;1;21;34
-1521;-670;23.029;8;4;0.570;6.439;1;21;34
3318;4223;24.029;8;4;0.570;6.439;1;21;34
2280;2011;25.028;8;4;0.570;6.439;1;21;34
4426;6062;26.028;8;4;0.570;6.439;1;21;34
697;3927;27.027;8;4;0.570;6.439;1;21;34
2098;5373;28.027;8;4;0.570;6.439;1;21;34
-1136;5125;29.026;8;4;0.570;6.439;1;21;34
9;3176;30.026;8;4;0.570;6.439;1;21;34
1653;5237;31.025;8;4;0.570;6.439;1;21;34
2696;4268;32.024;8;4;0.570;6.439;1;21;34
7013;8119;33.024;8;4;0.570;6.439;1;21;34
3362;5030;34.023;8;4;0.570;6.439;1;21;34
2059;5522;35.023;8;4;0.570;6.439;1;21;34
787;3894;36.022;8;4;0.570;6.439;1;21;34
3100;5737;37.022;8;4;0.570;6.439;1;21;34
3015;6068;38.021;8;4;0.570;6.439;1;21;34
2989;6064;39.021;8;4;0.570;6.439;1;21;34
3013;6051;40.020;8;4;0.570;6.439;1;21;34
2993;6068;41.019;8;4;0.570;6.439;1;21;34
2668;5184;-2.956;8;4;0.811;7.488;1;21;34
2661;5172;-1.957;8;4;0.811;7.488;1;21;34
2674;5201;-0.957;8;4;0.811;7.488;1;21;34
2646;5207;0.043;8;4;0.811;7.488;1;21;34
4122;3541;1.042;8;4;0.811;7.488;1;21;34
3618;4228;2.042;8;4;0.811;7.488;1;21;34
4509;4114;3.041;8;4;0.811;7.488;1;21;34
5397;2214;4.040;8;4;0.811;7.488;1;21;34
1081;3603;5.040;8;4;0.811;7.488;1;21;34
3231;4402;6.039;8;4;0.811;7.488;1;21;34
4528;4565;7.038;8;4;0.811;7.488;1;21;34
4733;5950;8.038;8;4;0.811;7.488;1;21;34
-12577;2664;9.038;8;4;0.811;7.488;1;21;34
5648;5301;10.037;8;4;0.811;7.488;1;21;34
5117;4683;11.036;8;4;0.811;7.488;1;21;34
6030;3596;12.036;8;4;0.811;7.488;1;21;34
4238;5619;13.035;8;4;0.811;7.488;1;21;34
14294;12930;14.035;8;4;0.811;7.488;1;21;34
3839;6754;15.034;8;4;0.811;7.488;1;21;34
3070;5005;16.033;8;4;0.811;7.488;1;21;34
3669;5288;17.033;8;4;0.811;7.488;1;21;34
4460;5566;18.032;8;4;0.811;7.488;1;21;34
5565;4976;19.032;8;4;0.811;7.488;1;21;34
4062;4754;20.031;8;4;0.811;7.488;1;21;34
3509;5648;21.030;8;4;0.811;7.488;1;21;34
2993;4545;22.030;8;4;0.811;7.488;1;21;34
-1521;-670;23.029;8;4;0.811;7.488;1;21;34
3318;4223;24.029;8;4;0.811;7.488;1;21;34
2280;2011;25.028;8;4;0.811;7.488;1;21;34
4426;6062;26.028;8;4;0.811;7.488;1;21;34
697;3927;27.027;8;4;0.811;7.488;1;21;34
2098;5373;28.027;8;4;0.811;7.488;1;21;34
-1136;5125;29.026;8;4;0.811;7.488;1;21;34
9;3176;30.026;8;4;0.811;7.488;1;21;34
1653;5237;31.025;8;4;0.811;7.488;1;21;34
2696;4268;32.024;8;4;0.811;7.488;1;21;34
7013;8119;33.024;8;4;0.811;7.488;1;21;34
3362;5030;34.023;8;4;0.811;7.488;1;21;34
2059;5522;35.023;8;4;0.811;7.488;1;21;34
787;3894;36.022;8;4;0.811;7.488;1;21;34
3100;5737;37.022;8;4;0.811;7.488;1;21;34
3015;6068;38.021;8;4;0.811;7.488;1;21;34
2989;6064;39.021;8;4;0.811;7.488;1;21;34
3013;6051;40.020;8;4;0.811;7.488;1;21;34
2993;6068;41.019;8;4;0.811;7.488;1;21;34
2668;5184;-2.956;6;4;0.454;8.488;1;21;34
2661;5172;-1.957;6;4;0.454;8.488;1;21;34
2674;5201;-0.957;6;4;0.454;8.488;1;21;34
2646;5207;0.043;6;4;0.454;8.488;1;21;34
4122;3541;1.042;6;4;0.454;8.488;1;21;34
3618;4228;2.042;6;4;0.454;8.488;1;21;34
4509;4114;3.041;6;4;0.454;8.488;1;21;34
5397;2214;4.040;6;4;0.454;8.488;1;21;34
1081;3603;5.040;6;4;0.454;8.488;1;21;34
3231;4402;6.039;6;4;0.454;8.488;1;21;34
4528;4565;7.038;6;4;0.454;8.488;1;21;34
4733;5950;8.038;6;4;0.454;8.488;1;21;34
-12577;2664;9.038;6;4;0.454;8.488;1;21;34
5648;5301;10.037;6;4;0.454;8.488;1;21;34
5117;4683;11.036;6;4;0.454;8.488;1;21;34
6030;3596;12.036;6;4;0.454;8.488;1;21;34
4238;5619;13.035;6;4;0.454;8.488;1;21;34
14294;12930;14.035;6;4;0.454;8.488;1;21;34
3839;6754;15.034;6;4;0.454;8.488;1;21;34
3070;5005;16.033;6;4;0.454;8.488;1;21;34
3669;5288;17.033;6;4;0.454;8.488;1;21;34
4460;5566;18.032;6;4;0.454;8.488;1;21;34
5565;4976;19.032;6;4;0.454;8.488;1;21;34
4062;4754;20.031;6;4;0.454;8.488;1;21;34
3509;5648;21.030;6;4;0.454;8.488;1;21;34
2993;4545;22.030;6;4;0.454;8.488;1;21;34
-1521;-670;23.029;6;4;0.454;8.488;1;21;34
3318;4223;24.029;6;4;0.454;8.488;1;21;34
2280;2011;25.028;6;4;0.454;8.488;1;21;34
4426;6062;26.028;6;4;0.454;8.488;1;21;34
697;3927;27.027;6;4;0.454;8.488;1;21;34
2098;5373;28.027;6;4;0.454;8.488;1;21;34
-1136;5125;29.026;6;4;0.454;8.488;1;21;34
9;3176;30.026;6;4;0.454;8.488;1;21;34
1653;5237;31.025;6;4;0.454;8.488;1;21;34
2696;4268;32.024;6;4;0.454;8.488;1;21;34
7013;8119;33.024;6;4;0.454;8.488;1;21;34
3362;5030;34.023;6;4;0.454;8.488;1;21;34
2059;5522;35.023;6;4;0.454;8.488;1;21;34
787;3894;36.022;6;4;0.454;8.488;1;21;34
3100;5737;37.022;6;4;0.454;8.488;1;21;34
3015;6068;38.021;6;4;0.454;8.488;1;21;34
2989;6064;39.021;6;4;0.454;8.488;1;21;34
3013;6051;40.020;6;4;0.454;8.488;1;21;34
2993;6068;41.019;6;4;0.454;8.488;1;21;34
2668;5184;-2.956;6;4;0.470;8.988;1;21;34
2661;5172;-1.957;6;4;0.470;8.988;1;21;34
2674;5201;-0.957;6;4;0.470;8.988;1;21;34
2646;5207;0.043;6;4;0.470;8.988;1;21;34
4122;3541;1.042;6;4;0.470;8.988;1;21;34
3618;4228;2.042;6;4;0.470;8.988;1;21;34
4509;4114;3.041;6;4;0.470;8.988;1;21;34
5397;2214;4.040;6;4;0.470;8.988;1;21;34
1081;3603;5.040;6;4;0.470;8.988;1;21;34
3231;4402;6.039;6;4;0.470;8.988;1;21;34
4528;4565;7.038;6;4;0.470;8.988;1;21;34
4733;5950;8.038;6;4;0.470;8.988;1;21;34
-12577;2664;9.038;6;4;0.470;8.988;1;21;34
5648;5301;10.037;6;4;0.470;8.988;1;21;34
5117;4683;11.036;6;4;0.470;8.988;1;21;34
6030;3596;12.036;6;4;0.470;8.988;1;21;34
4238;5619;13.035;6;4;0.470;8.988;1;21;34
14294;12930;14.035;6;4;0.470;8.988;1;21;34
3839;6754;15.034;6;4;0.470;8.988;1;21;34
3070;5005;16.033;6;4;0.470;8.988;1;21;34
3669;5288;17.033;6;4;0.470;8.988;1;21;34
4460;5566;18.032;6;4;0.470;8.988;1;21;34
5565;4976;19.032;6;4;0.470;8.988;1;21;34
4062;4754;20.031;6;4;0.470;8.988;1;21;34
3509;5648;21.030;6;4;0.470;8.988;1;21;34
2993;4545;22.030;6;4;0.470;8.988;1;21;34
-1521;-670;23.029;6;4;0.470;8.988;1;21;34
3318;4223;24.029;6;4;0.470;8.988;1;21;34
2280;2011;25.028;6;4;0.470;8.988;1;21;34
4426;6062;26.028;6;4;0.470;8.988;1;21;34
697;3927;27.027;6;4;0.470;8.988;1;21;34
2098;5373;28.027;6;4;0.470;8.988;1;21;34
-1136;5125;29.026;6;4;0.470;8.988;1;21;34
9;3176;30.026;6;4;0.470;8.988;1;21;34
1653;5237;31.025;6;4;0.470;8.988;1;21;34
2696;4268;32.024;6;4;0.470;8.988;1;21;34
7013;8119;33.024;6;4;0.470;8.988;1;21;34
3362;5030;34.023;6;4;0.470;8.988;1;21;34
2059;5522;35.023;6;4;0.470;8.988;1;21;34
787;3894;36.022;6;4;0.470;8.988;1;21;34
3100;5737;37.022;6;4;0.470;8.988;1;21;34
3015;6068;38.021;6;4;0.470;8.988;1;21;34
2989;6064;39.021;6;4;0.470;8.988;1;21;34
3013;6051;40.020;6;4;0.470;8.988;1;21;34
2993;6068;41.019;6;4;0.470;8.988;1;21;34
2668;5184;-2.956;8;4;0.374;10.886;1;21;34
2661;5172;-1.957;8;4;0.374;10.886;1;21;34
2674;5201;-0.957;8;4;0.374;10.886;1;21;34
2646;5207;0.043;8;4;0.374;10.886;1;21;34
4122;3541;1.042;8;4;0.374;10.886;1;21;34
3618;4228;2.042;8;4;0.374;10.886;1;21;34
4509;4114;3.041;8;4;0.374;10.886;1;21;34
5397;2214;4.040;8;4;0.374;10.886;1;21;34
1081;3603;5.040;8;4;0.374;10.886;1;21;34
3231;4402;6.039;8;4;0.374;10.886;1;21;34
4528;4565;7.038;8;4;0.374;10.886;1;21;34
4733;5950;8.038;8;4;0.374;10.886;1;21;34
-12577;2664;9.038;8;4;0.374;10.886;1;21;34
5648;5301;10.037;8;4;0.374;10.886;1;21;34
5117;4683;11.036;8;4;0.374;10.886;1;21;34
6030;3596;12.036;8;4;0.374;10.886;1;21;34
4238;5619;13.035;8;4;0.374;10.886;1;21;34
14294;12930;14.035;8;4;0.374;10.886;1;21;34
3839;6754;15.034;8;4;0.374;10.886;1;21;34
3070;5005;16.033;8;4;0.374;10.886;1;21;34
3669;5288;17.033;8;4;0.374;10.886;1;21;34
4460;5566;18.032;8;4;0.374;10.886;1;21;34
5565;4976;19.032;8;4;0.374;10.886;1;21;34
4062;4754;20.031;8;4;0.374;10.886;1;21;34
3509;5648;21.030;8;4;0.374;10.886;1;21;34
2993;4545;22.030;8;4;0.374;10.886;1;21;34
-1521;-670;23.029;8;4;0.374;10.886;1;21;34
3318;4223;24.029;8;4;0.374;10.886;1;21;34
2280;2011;25.028;8;4;0.374;10.886;1;21;34
4426;6062;26.028;8;4;0.374;10.886;1;21;34
697;3927;27.027;8;4;0.374;10.886;1;21;34
2098;5373;28.027;8;4;0.374;10.886;1;21;34
-1136;5125;29.026;8;4;0.374;10.886;1;21;34
9;3176;30.026;8;4;0.374;10.886;1;21;34
1653;5237;31.025;8;4;0.374;10.886;1;21;34
2696;4268;32.024;8;4;0.374;10.886;1;21;34
7013;8119;33.024;8;4;0.374;10.886;1;21;34
3362;5030;34.023;8;4;0.374;10.886;1;21;34
2059;5522;35.023;8;4;0.374;10.886;1;21;34
787;3894;36.022;8;4;0.374;10.886;1;21;34
3100;5737;37.022;8;4;0.374;10.886;1;21;34
3015;6068;38.021;8;4;0.374;10.886;1;21;34
2989;6064;39.021;8;4;0.374;10.886;1;21;34
3013;6051;40.020;8;4;0.374;10.886;1;21;34
2993;6068;41.019;8;4;0.374;10.886;1;21;34
2668;5184;-2.956;6;4;0.467;11.436;1;21;34
2661;5172;-1.957;6;4;0.467;11.436;1;21;34
2674;5201;-0.957;6;4;0.467;11.436;1;21;34
2646;5207;0.043;6;4;0.467;11.436;1;21;34
4122;3541;1.042;6;4;0.467;11.436;1;21;34
3618;4228;2.042;6;4;0.467;11.436;1;21;34
4509;4114;3.041;6;4;0.467;11.436;1;21;34
5397;2214;4.040;6;4;0.467;11.436;1;21;34
1081;3603;5.040;6;4;0.467;11.436;1;21;34
3231;4402;6.039;6;4;0.467;11.436;1;21;34
4528;4565;7.038;6;4;0.467;11.436;1;21;34
4733;5950;8.038;6;4;0.467;11.436;1;21;34
-12577;2664;9.038;6;4;0.467;11.436;1;21;34
5648;5301;10.037;6;4;0.467;11.436;1;21;34
5117;4683;11.036;6;4;0.467;11.436;1;21;34
6030;3596;12.036;6;4;0.467;11.436;1;21;34
4238;5619;13.035;6;4;0.467;11.436;1;21;34
14294;12930;14.035;6;4;0.467;11.436;1;21;34
3839;6754;15.034;6;4;0.467;11.436;1;21;34
3070;5005;16.033;6;4;0.467;11.436;1;21;34
3669;5288;17.033;6;4;0.467;11.436;1;21;34
4460;5566;18.032;6;4;0.467;11.436;1;21;34
5565;4976;19.032;6;4;0.467;11.436;1;21;34
4062;4754;20.031;6;4;0.467;11.436;1;21;34
3509;5648;21.030;6;4;0.467;11.436;1;21;34
2993;4545;22.030;6;4;0.467;11.436;1;21;34
-1521;-670;23.029;6;4;0.467;11.436;1;21;34
3318;4223;24.029;6;4;0.467;11.436;1;21;34
2280;2011;25.028;6;4;0.467;11.436;1;21;34
4426;6062;26.028;6;4;0.467;11.436;1;21;34
697;3927;27.027;6;4;0.467;11.436;1;21;34
2098;5373;28.027;6;4;0.467;11.436;1;21;34
-1136;5125;29.026;6;4;0.467;11.436;1;21;34
9;3176;30.026;6;4;0.467;11.436;1;21;34
1653;5237;31.025;6;4;0.467;11.436;1;21;34
2696;4268;32.024;6;4;0.467;11.436;1;21;34
7013;8119;33.024;6;4;0.467;11.436;1;21;34
3362;5030;34.023;6;4;0.467;11.436;1;21;34
2059;5522;35.023;6;4;0.467;11.436;1;21;34
787;3894;36.022;6;4;0.467;11.436;1;21;34
3100;5737;37.022;6;4;0.467;11.436;1;21;34
3015;6068;38.021;6;4;0.467;11.436;1;21;34
2989;6064;39.021;6;4;0.467;11.436;1;21;34
3013;6051;40.020;6;4;0.467;11.436;1;21;34
2993;6068;41.019;6;4;0.467;11.436;1;21;34
2668;5184;-2.956;6;4;0.352;11.936;1;21;34
2661;5172;-1.957;6;4;0.352;11.936;1;21;34
2674;5201;-0.957;6;4;0.352;11.936;1;21;34
2646;5207;0.043;6;4;0.352;11.936;1;21;34
4122;3541;1.042;6;4;0.352;11.936;1;21;34
3618;4228;2.042;6;4;0.352;11.936;1;21;34
4509;4114;3.041;6;4;0.352;11.936;1;21;34
5397;2214;4.040;6;4;0.352;11.936;1;21;34
1081;3603;5.040;6;4;0.352;11.936;1;21;34
3231;4402;6.039;6;4;0.352;11.936;1;21;34
4528;4565;7.038;6;4;0.352;11.936;1;21;34
4733;5950;8.038;6;4;0.352;11.936;1;21;34
-12577;2664;9.038;6;4;0.352;11.936;1;21;34
5648;5301;10.037;6;4;0.352;11.936;1;21;34
5117;4683;11.036;6;4;0.352;11.936;1;21;34
6030;3596;12.036;6;4;0.352;11.936;1;21;34
4238;5619;13.035;6;4;0.352;11.936;1;21;34
14294;12930;14.035;6;4;0.352;11.936;1;21;34
3839;6754;15.034;6;4;0.352;11.936;1;21;34
3070;5005;16.033;6;4;0.352;11.936;1;21;34
3669;5288;17.033;6;4;0.352;11.936;1;21;34
4460;5566;18.032;6;4;0.352;11.936;1;21;34
5565;4976;19.032;6;4;0.352;11.936;1;21;34
4062;4754;20.031;6;4;0.352;11.936;1;21;34
3509;5648;21.030;6;4;0.352;11.936;1;21;34
2993;4545;22.030;6;4;0.352;11.936;1;21;34
-1521;-670;23.029;6;4;0.352;11.936;1;21;34
3318;4223;24.029;6;4;0.352;11.936;1;21;34
2280;2011;25.028;6;4;0.352;11.936;1;21;34
4426;6062;26.028;6;4;0.352;11.936;1;21;34
697;3927;27.027;6;4;0.352;11.936;1;21;34
2098;5373;28.027;6;4;0.352;11.936;1;21;34
-1136;5125;29.026;6;4;0.352;11.936;1;21;34
9;3176;30.026;6;4;0.352;11.936;1;21;34
1653;5237;31.025;6;4;0.352;11.936;1;21;34
2696;4268;32.024;6;4;0.352;11.936;1;21;34
7013;8119;33.024;6;4;0.352;11.936;1;21;34
3362;5030;34.023;6;4;0.352;11.936;1;21;34
2059;5522;35.023;6;4;0.352;11.936;1;21;34
787;3894;36.022;6;4;0.352;11.936;1;21;34
3100;5737;37.022;6;4;0.352;11.936;1;21;34
3015;6068;38.021;6;4;0.352;11.936;1;21;34
2989;6064;39.021;6;4;0.352;11.936;1;21;34
3013;6051;40.020;6;4;0.352;11.936;1;21;34
2993;6068;41.019;6;4;0.352;11.936;1;21;34
2668;5184;-2.956;8;4;0.384;12.936;1;21;34
2661;5172;-1.957;8;4;0.384;12.936;1;21;34
2674;5201;-0.957;8;4;0.384;12.936;1;21;34
2646;5207;0.043;8;4;0.384;12.936;1;21;34
4122;3541;1.042;8;4;0.384;12.936;1;21;34
3618;4228;2.042;8;4;0.384;12.936;1;21;34
4509;4114;3.041;8;4;0.384;12.936;1;21;34
5397;2214;4.040;8;4;0.384;12.936;1;21;34
1081;3603;5.040;8;4;0.384;12.936;1;21;34
3231;4402;6.039;8;4;0.384;12.936;1;21;34
4528;4565;7.038;8;4;0.384;12.936;1;21;34
4733;5950;8.038;8;4;0.384;12.936;1;21;34
-12577;2664;9.038;8;4;0.384;12.936;1;21;34
5648;5301;10.037;8;4;0.384;12.936;1;21;34
5117;4683;11.036;8;4;0.384;12.936;1;21;34
6030;3596;12.036;8;4;0.384;12.936;1;21;34
4238;5619;13.035;8;4;0.384;12.936;1;21;34
14294;12930;14.035;8;4;0.384;12.936;1;21;34
3839;6754;15.034;8;4;0.384;12.936;1;21;34
3070;5005;16.033;8;4;0.384;12.936;1;21;34
3669;5288;17.033;8;4;0.384;12.936;1;21;34
4460;5566;18.032;8;4;0.384;12.936;1;21;34
5565;4976;19.032;8;4;0.384;12.936;1;21;34
4062;4754;20.031;8;4;0.384;12.936;1;21;34
3509;5648;21.030;8;4;0.384;12.936;1;21;34
2993;4545;22.030;8;4;0.384;12.936;1;21;34
-1521;-670;23.029;8;4;0.384;12.936;1;21;34
3318;4223;24.029;8;4;0.384;12.936;1;21;34
2280;2011;25.028;8;4;0.384;12.936;1;21;34
4426;6062;26.028;8;4;0.384;12.936;1;21;34
697;3927;27.027;8;4;0.384;12.936;1;21;34
2098;5373;28.027;8;4;0.384;12.936;1;21;34
-1136;5125;29.026;8;4;0.384;12.936;1;21;34
9;3176;30.026;8;4;0.384;12.936;1;21;34
1653;5237;31.025;8;4;0.384;12.936;1;21;34
2696;4268;32.024;8;4;0.384;12.936;1;21;34
7013;8119;33.024;8;4;0.384;12.936;1;21;34
3362;5030;34.023;8;4;0.384;12.936;1;21;34
2059;5522;35.023;8;4;0.384;12.936;1;21;34
787;3894;36.022;8;4;0.384;12.936;1;21;34
3100;5737;37.022;8;4;0.384;12.936;1;21;34
3015;6068;38.021;8;4;0.384;12.936;1;21;34
2989;6064;39.021;8;4;0.384;12.936;1;21;34
3013;6051;40.020;8;4;0.384;12.936;1;21;34
2993;6068;41.019;8;4;0.384;12.936;1;21;34
2668;5184;-2.956;10;4;0.451;13.385;1;21;34
2661;5172;-1.957;10;4;0.451;13.385;1;21;34
2674;5201;-0.957;10;4;0.451;13.385;1;21;34
2646;5207;0.043;10;4;0.451;13.385;1;21;34
4122;3541;1.042;10;4;0.451;13.385;1;21;34
3618;4228;2.042;10;4;0.451;13.385;1;21;34
4509;4114;3.041;10;4;0.451;13.385;1;21;34
5397;2214;4.040;10;4;0.451;13.385;1;21;34
1081;3603;5.040;10;4;0.451;13.385;1;21;34
3231;4402;6.039;10;4;0.451;13.385;1;21;34
4528;4565;7.038;10;4;0.451;13.385;1;21;34
4733;5950;8.038;10;4;0.451;13.385;1;21;34
-12577;2664;9.038;10;4;0.451;13.385;1;21;34
5648;5301;10.037;10;4;0.451;13.385;1;21;34
5117;4683;11.036;10;4;0.451;13.385;1;21;34
6030;3596;12.036;10;4;0.451;13.385;1;21;34
4238;5619;13.035;10;4;0.451;13.385;1;21;34
14294;12930;14.035;10;4;0.451;13.385;1;21;34
3839;6754;15.034;10;4;0.451;13.385;1;21;34
3070;5005;16.033;10;4;0.451;13.385;1;21;34
3669;5288;17.033;10;4;0.451;13.385;1;21;34
4460;5566;18.032;10;4;0.451;13.385;1;21;34
5565;4976;19.032;10;4;0.451;13.385;1;21;34
4062;4754;20.031;10;4;0.451;13.385;1;21;34
3509;5648;21.030;10;4;0.451;13.385;1;21;34
2993;4545;22.030;10;4;0.451;13.385;1;21;34
-1521;-670;23.029;10;4;0.451;13.385;1;21;34
3318;4223;24.029;10;4;0.451;13.385;1;21;34
2280;2011;25.028;10;4;0.451;13.385;1;21;34
4426;6062;26.028;10;4;0.451;13.385;1;21;34
697;3927;27.027;10;4;0.451;13.385;1;21;34
2098;5373;28.027;10;4;0.451;13.385;1;21;34
-1136;5125;29.026;10;4;0.451;13.385;1;21;34
9;3176;30.026;10;4;0.451;13.385;1;21;34
1653;5237;31.025;10;4;0.451;13.385;1;21;34
2696;4268;32.024;10;4;0.451;13.385;1;21;34
7013;8119;33.024;10;4;0.451;13.385;1;21;34
3362;5030;34.023;10;4;0.451;13.385;1;21;34
2059;5522;35.023;10;4;0.451;13.385;1;21;34
787;3894;36.022;10;4;0.451;13.385;1;21;34
3100;5737;37.022;10;4;0.451;13.385;1;21;34
3015;6068;38.021;10;4;0.451;13.385;1;21;34
2989;6064;39.021;10;4;0.451;13.385;1;21;34
3013;6051;40.020;10;4;0.451;13.385;1;21;34
2993;6068;41.019;10;4;0.451;13.385;1;21;34
2668;5184;-2.956;8;4;0.766;14.484;1;21;34
2661;5172;-1.957;8;4;0.766;14.484;1;21;34
2674;5201;-0.957;8;4;0.766;14.484;1;21;34
2646;5207;0.043;8;4;0.766;14.484;1;21;34
4122;3541;1.042;8;4;0.766;14.484;1;21;34
3618;4228;2.042;8;4;0.766;14.484;1;21;34
4509;4114;3.041;8;4;0.766;14.484;1;21;34
5397;2214;4.040;8;4;0.766;14.484;1;21;34
1081;3603;5.040;8;4;0.766;14.484;1;21;34
3231;4402;6.039;8;4;0.766;14.484;1;21;34
4528;4565;7.038;8;4;0.766;14.484;1;21;34
4733;5950;8.038;8;4;0.766;14.484;1;21;34
-12577;2664;9.038;8;4;0.766;14.484;1;21;34
5648;5301;10.037;8;4;0.766;14.484;1;21;34
5117;4683;11.036;8;4;0.766;14.484;1;21;34
6030;3596;12.036;8;4;0.766;14.484;1;21;34
4238;5619;13.035;8;4;0.766;14.484;1;21;34
14294;12930;14.035;8;4;0.766;14.484;1;21;34
3839;6754;15.034;8;4;0.766;14.484;1;21;34
3070;5005;16.033;8;4;0.766;14.484;1;21;34
3669;5288;17.033;8;4;0.766;14.484;1;21;34
4460;5566;18.032;8;4;0.766;14.484;1;21;34
5565;4976;19.032;8;4;0.766;14.484;1;21;34
4062;4754;20.031;8;4;0.766;14.484;1;21;34
3509;5648;21.030;8;4;0.766;14.484;1;21;34
2993;4545;22.030;8;4;0.766;14.484;1;21;34
-1521;-670;23.029;8;4;0.766;14.484;1;21;34
3318;4223;24.029;8;4;0.766;14.484;1;21;34
2280;2011;25.028;8;4;0.766;14.484;1;21;34
4426;6062;26.028;8;4;0.766;14.484;1;21;34
697;3927;27.027;8;4;0.766;14.484;1;21;34
2098;5373;28.027;8;4;0.766;14.484;1;21;34
-1136;5125;29.026;8;4;0.766;14.484;1;21;34
9;3176;30.026;8;4;0.766;14.484;1;21;34
1653;5237;31.025;8;4;0.766;14.484;1;21;34
2696;4268;32.024;8;4;0.766;14.484;1;21;34
7013;8119;33.024;8;4;0.766;14.484;1;21;34
3362;5030;34.023;8;4;0.766;14.484;1;21;34
2059;5522;35.023;8;4;0.766;14.484;1;21;34
787;3894;36.022;8;4;0.766;14.484;1;21;34
3100;5737;37.022;8;4;0.766;14.484;1;21;34
3015;6068;38.021;8;4;0.766;14.484;1;21;34
2989;6064;39.021;8;4;0.766;14.484;1;21;34
3013;6051;40.020;8;4;0.766;14.484;1;21;34
2993;6068;41.019;8;4;0.766;14.484;1;21;34
2668;5184;-2.956;9;4;0.442;16.483;1;21;34
2661;5172;-1.957;9;4;0.442;16.483;1;21;34
2674;5201;-0.957;9;4;0.442;16.483;1;21;34
2646;5207;0.043;9;4;0.442;16.483;1;21;34
4122;3541;1.042;9;4;0.442;16.483;1;21;34
3618;4228;2.042;9;4;0.442;16.483;1;21;34
4509;4114;3.041;9;4;0.442;16.483;1;21;34
5397;2214;4.040;9;4;0.442;16.483;1;21;34
1081;3603;5.040;9;4;0.442;16.483;1;21;34
3231;4402;6.039;9;4;0.442;16.483;1;21;34
4528;4565;7.038;9;4;0.442;16.483;1;21;34
4733;5950;8.038;9;4;0.442;16.483;1;21;34
-12577;2664;9.038;9;4;0.442;16.483;1;21;34
5648;5301;10.037;9;4;0.442;16.483;1;21;34
5117;4683;11.036;9;4;0.442;16.483;1;21;34
6030;3596;12.036;9;4;0.442;16.483;1;21;34
4238;5619;13.035;9;4;0.442;16.483;1;21;34
14294;12930;14.035;9;4;0.442;16.483;1;21;34
3839;6754;15.034;9;4;0.442;16.483;1;21;34
3070;5005;16.033;9;4;0.442;16.483;1;21;34
3669;5288;17.033;9;4;0.442;16.483;1;21;34
4460;5566;18.032;9;4;0.442;16.483;1;21;34
5565;4976;19.032;9;4;0.442;16.483;1;21;34
4062;4754;20.031;9;4;0.442;16.483;1;21;34
3509;5648;21.030;9;4;0.442;16.483;1;21;34
2993;4545;22.030;9;4;0.442;16.483;1;21;34
-1521;-670;23.029;9;4;0.442;16.483;1;21;34
3318;4223;24.029;9;4;0.442;16.483;1;21;34
2280;2011;25.028;9;4;0.442;16.483;1;21;34
4426;6062;26.028;9;4;0.442;16.483;1;21;34
697;3927;27.027;9;4;0.442;16.483;1;21;34
2098;5373;28.027;9;4;0.442;16.483;1;21;34
-1136;5125;29.026;9;4;0.442;16.483;1;21;34
9;3176;30.026;9;4;0.442;16.483;1;21;34
1653;5237;31.025;9;4;0.442;16.483;1;21;34
2696;4268;32.024;9;4;0.442;16.483;1;21;34
7013;8119;33.024;9;4;0.442;16.483;1;21;34
3362;5030;34.023;9;4;0.442;16.483;1;21;34
2059;5522;35.023;9;4;0.442;16.483;1;21;34
787;3894;36.022;9;4;0.442;16.483;1;21;34
3100;5737;37.022;9;4;0.442;16.483;1;21;34
3015;6068;38.021;9;4;0.442;16.483;1;21;34
2989;6064;39.021;9;4;0.442;16.483;1;21;34
3013;6051;40.020;9;4;0.442;16.483;1;21;34
2993;6068;41.019;9;4;0.442;16.483;1;21;34
2668;5184;-2.956;8;4;0.424;17.533;1;21;34
2661;5172;-1.957;8;4;0.424;17.533;1;21;34
2674;5201;-0.957;8;4;0.424;17.533;1;21;34
2646;5207;0.043;8;4;0.424;17.533;1;21;34
4122;3541;1.042;8;4;0.424;17.533;1;21;34
3618;4228;2.042;8;4;0.424;17.533;1;21;34
4509;4114;3.041;8;4;0.424;17.533;1;21;34
5397;2214;4.040;8;4;0.424;17.533;1;21;34
1081;3603;5.040;8;4;0.424;17.533;1;21;34
3231;4402;6.039;8;4;0.424;17.533;1;21;34
4528;4565;7.038;8;4;0.424;17.533;1;21;34
4733;5950;8.038;8;4;0.424;17.533;1;21;34
-12577;2664;9.038;8;4;0.424;17.533;1;21;34
5648;5301;10.037;8;4;0.424;17.533;1;21;34
5117;4683;11.036;8;4;0.424;17.533;1;21;34
6030;3596;12.036;8;4;0.424;17.533;1;21;34
4238;5619;13.035;8;4;0.424;17.533;1;21;34
14294;12930;14.035;8;4;0.424;17.533;1;21;34
3839;6754;15.034;8;4;0.424;17.533;1;21;34
3070;5005;16.033;8;4;0.424;17.533;1;21;34
3669;5288;17.033;8;4;0.424;17.533;1;21;34
4460;5566;18.032;8;4;0.424;17.533;1;21;34
5565;4976;19.032;8;4;0.424;17.533;1;21;34
4062;4754;20.031;8;4;0.424;17.533;1;21;34
3509;5648;21.030;8;4;0.424;17.533;1;21;34
2993;4545;22.030;8;4;0.424;17.533;1;21;34
-1521;-670;23.029;8;4;0.424;17.533;1;21;34
3318;4223;24.029;8;4;0.424;17.533;1;21;34
2280;2011;25.028;8;4;0.424;17.533;1;21;34
4426;6062;26.028;8;4;0.424;17.533;1;21;34
697;3927;27.027;8;4;0.424;17.533;1;21;34
2098;5373;28.027;8;4;0.424;17.533;1;21;34
-1136;5125;29.026;8;4;0.424;17.533;1;21;34
9;3176;30.026;8;4;0.424;17.533;1;21;34
1653;5237;31.025;8;4;0.424;17.533;1;21;34
2696;4268;32.024;8;4;0.424;17.533;1;21;34
7013;8119;33.024;8;4;0.424;17.533;1;21;34
3362;5030;34.023;8;4;0.424;17.533;1;21;34
2059;5522;35.023;8;4;0.424;17.533;1;21;34
787;3894;36.022;8;4;0.424;17.533;1;21;34
3100;5737;37.022;8;4;0.424;17.533;1;21;34
3015;6068;38.021;8;4;0.424;17.533;1;21;34
2989;6064;39.021;8;4;0.424;17.533;1;21;34
3013;6051;40.020;8;4;0.424;17.533;1;21;34
2993;6068;41.019;8;4;0.424;17.533;1;21;34
2668;5184;-2.956;7;4;0.611;18.632;1;21;34
2661;5172;-1.957;7;4;0.611;18.632;1;21;34
2674;5201;-0.957;7;4;0.611;18.632;1;21;34
2646;5207;0.043;7;4;0.611;18.632;1;21;34
4122;3541;1.042;7;4;0.611;18.632;1;21;34
3618;4228;2.042;7;4;0.611;18.632;1;21;34
4509;4114;3.041;7;4;0.611;18.632;1;21;34
5397;2214;4.040;7;4;0.611;18.632;1;21;34
1081;3603;5.040;7;4;0.611;18.632;1;21;34
3231;4402;6.039;7;4;0.611;18.632;1;21;34
4528;4565;7.038;7;4;0.611;18.632;1;21;34
4733;5950;8.038;7;4;0.611;18.632;1;21;34
-12577;2664;9.038;7;4;0.611;18.632;1;21;34
5648;5301;10.037;7;4;0.611;18.632;1;21;34
5117;4683;11.036;7;4;0.611;18.632;1;21;34
6030;3596;12.036;7;4;0.611;18.632;1;21;34
4238;5619;13.035;7;4;0.611;18.632;1;21;34
14294;12930;14.035;7;4;0.611;18.632;1;21;34
3839;6754;15.034;7;4;0.611;18.632;1;21;34
3070;5005;16.033;7;4;0.611;18.632;1;21;34
3669;5288;17.033;7;4;0.611;18.632;1;21;34
4460;5566;18.032;7;4;0.611;18.632;1;21;34
5565;4976;19.032;7;4;0.611;18.632;1;21;34
4062;4754;20.031;7;4;0.611;18.632;1;21;34
3509;5648;21.030;7;4;0.611;18.632;1;21;34
2993;4545;22.030;7;4;0.611;18.632;1;21;34
-1521;-670;23.029;7;4;0.611;18.632;1;21;34
3318;4223;24.029;7;4;0.611;18.632;1;21;34
2280;2011;25.028;7;4;0.611;18.632;1;21;34
4426;6062;26.028;7;4;0.611;18.632;1;21;34
697;3927;27.027;7;4;0.611;18.632;1;21;34
2098;5373;28.027;7;4;0.611;18.632;1;21;34
-1136;5125;29.026;7;4;0.611;18.632;1;21;34
9;3176;30.026;7;4;0.611;18.632;1;21;34
1653;5237;31.025;7;4;0.611;18.632;1;21;34
2696;4268;32.024;7;4;0.611;18.632;1;21;34
7013;8119;33.024;7;4;0.611;18.632;1;21;34
3362;5030;34.023;7;4;0.611;18.632;1;21;34
2059;5522;35.023;7;4;0.611;18.632;1;21;34
787;3894;36.022;7;4;0.611;18.632;1;21;34
3100;5737;37.022;7;4;0.611;18.632;1;21;34
3015;6068;38.021;7;4;0.611;18.632;1;21;34
2989;6064;39.021;7;4;0.611;18.632;1;21;34
3013;6051;40.020;7;4;0.611;18.632;1;21;34
2993;6068;41.019;7;4;0.611;18.632;1;21;34
2668;5184;-2.956;8;4;0.422;20.881;1;21;34
2661;5172;-1.957;8;4;0.422;20.881;1;21;34
2674;5201;-0.957;8;4;0.422;20.881;1;21;34
2646;5207;0.043;8;4;0.422;20.881;1;21;34
4122;3541;1.042;8;4;0.422;20.881;1;21;34
3618;4228;2.042;8;4;0.422;20.881;1;21;34
4509;4114;3.041;8;4;0.422;20.881;1;21;34
5397;2214;4.040;8;4;0.422;20.881;1;21;34
1081;3603;5.040;8;4;0.422;20.881;1;21;34
3231;4402;6.039;8;4;0.422;20.881;1;21;34
4528;4565;7.038;8;4;0.422;20.881;1;21;34
4733;5950;8.038;8;4;0.422;20.881;1;21;34
-12577;2664;9.038;8;4;0.422;20.881;1;21;34
5648;5301;10.037;8;4;0.422;20.881;1;21;34
5117;4683;11.036;8;4;0.422;20.881;1;21;34
6030;3596;12.036;8;4;0.422;20.881;1;21;34
4238;5619;13.035;8;4;0.422;20.881;1;21;34
14294;12930;14.035;8;4;0.422;20.881;1;21;34
3839;6754;15.034;8;4;0.422;20.881;1;21;34
3070;5005;16.033;8;4;0.422;20.881;1;21;34
3669;5288;17.033;8;4;0.422;20.881;1;21;34
4460;5566;18.032;8;4;0.422;20.881;1;21;34
5565;4976;19.032;8;4;0.422;20.881;1;21;34
4062;4754;20.031;8;4;0.422;20.881;1;21;34
3509;5648;21.030;8;4;0.422;20.881;1;21;34
2993;4545;22.030;8;4;0.422;20.881;1;21;34
-1521;-670;23.029;8;4;0.422;20.881;1;21;34
3318;4223;24.029;8;4;0.422;20.881;1;21;34
2280;2011;25.028;8;4;0.422;20.881;1;21;34
4426;6062;26.028;8;4;0.422;20.881;1;21;34
697;3927;27.027;8;4;0.422;20.881;1;21;34
2098;5373;28.027;8;4;0.422;20.881;1;21;34
-1136;5125;29.026;8;4;0.422;20.881;1;21;34
9;3176;30.026;8;4;0.422;20.881;1;21;34
1653;5237;31.025;8;4;0.422;20.881;1;21;34
2696;4268;32.024;8;4;0.422;20.881;1;21;34
7013;8119;33.024;8;4;0.422;20.881;1;21;34
3362;5030;34.023;8;4;0.422;20.881;1;21;34
2059;5522;35.023;8;4;0.422;20.881;1;21;34
787;3894;36.022;8;4;0.422;20.881;1;21;34
3100;5737;37.022;8;4;0.422;20.881;1;21;34
3015;6068;38.021;8;4;0.422;20.881;1;21;34
2989;6064;39.021;8;4;0.422;20.881;1;21;34
3013;6051;40.020;8;4;0.422;20.881;1;21;34
2993;6068;41.019;8;4;0.422;20.881;1;21;34
2668;5184;-2.956;8;4;0.489;21.330;1;21;34
2661;5172;-1.957;8;4;0.489;21.330;1;21;34
2674;5201;-0.957;8;4;0.489;21.330;1;21;34
2646;5207;0.043;8;4;0.489;21.330;1;21;34
4122;3541;1.042;8;4;0.489;21.330;1;21;34
3618;4228;2.042;8;4;0.489;21.330;1;21;34
4509;4114;3.041;8;4;0.489;21.330;1;21;34
5397;2214;4.040;8;4;0.489;21.330;1;21;34
1081;3603;5.040;8;4;0.489;21.330;1;21;34
3231;4402;6.039;8;4;0.489;21.330;1;21;34
4528;4565;7.038;8;4;0.489;21.330;1;21;34
4733;5950;8.038;8;4;0.489;21.330;1;21;34
-12577;2664;9.038;8;4;0.489;21.330;1;21;34
5648;5301;10.037;8;4;0.489;21.330;1;21;34
5117;4683;11.036;8;4;0.489;21.330;1;21;34
6030;3596;12.036;8;4;0.489;21.330;1;21;34
4238;5619;13.035;8;4;0.489;21.330;1;21;34
14294;12930;14.035;8;4;0.489;21.330;1;21;34
3839;6754;15.034;8;4;0.489;21.330;1;21;34
3070;5005;16.033;8;4;0.489;21.330;1;21;34
3669;5288;17.033;8;4;0.489;21.330;1;21;34
4460;5566;18.032;8;4;0.489;21.330;1;21;34
5565;4976;19.032;8;4;0.489;21.330;1;21;34
4062;4754;20.031;8;4;0.489;21.330;1;21;34
3509;5648;21.030;8;4;0.489;21.330;1;21;34
2993;4545;22.030;8;4;0.489;21.330;1;21;34
-1521;-670;23.029;8;4;0.489;21.330;1;21;34
3318;4223;24.029;8;4;0.489;21.330;1;21;34
2280;2011;25.028;8;4;0.489;21.330;1;21;34
4426;6062;26.028;8;4;0.489;21.330;1;21;34
697;3927;27.027;8;4;0.489;21.330;1;21;34
2098;5373;28.027;8;4;0.489;21.330;1;21;34
-1136;5125;29.026;8;4;0.489;21.330;1;21;34
9;3176;30.026;8;4;0.489;21.330;1;21;34
1653;5237;31.025;8;4;0.489;21.330;1;21;34
2696;4268;32.024;8;4;0.489;21.330;1;21;34
7013;8119;33.024;8;4;0.489;21.330;1;21;34
3362;5030;34.023;8;4;0.489;21.330;1;21;34
2059;5522;35.023;8;4;0.489;21.330;1;21;34
787;3894;36.022;8;4;0.489;21.330;1;21;34
3100;5737;37.022;8;4;0.489;21.330;1;21;34
3015;6068;38.021;8;4;0.489;21.330;1;21;34
2989;6064;39.021;8;4;0.489;21.330;1;21;34
3013;6051;40.020;8;4;0.489;21.330;1;21;34
2993;6068;41.019;8;4;0.489;21.330;1;21;34
2668;5184;-2.956;8;4;0.374;21.830;1;21;34
2661;5172;-1.957;8;4;0.374;21.830;1;21;34
2674;5201;-0.957;8;4;0.374;21.830;1;21;34
2646;5207;0.043;8;4;0.374;21.830;1;21;34
4122;3541;1.042;8;4;0.374;21.830;1;21;34
3618;4228;2.042;8;4;0.374;21.830;1;21;34
4509;4114;3.041;8;4;0.374;21.830;1;21;34
5397;2214;4.040;8;4;0.374;21.830;1;21;34
1081;3603;5.040;8;4;0.374;21.830;1;21;34
3231;4402;6.039;8;4;0.374;21.830;1;21;34
4528;4565;7.038;8;4;0.374;21.830;1;21;34
4733;5950;8.038;8;4;0.374;21.830;1;21;34
-12577;2664;9.038;8;4;0.374;21.830;1;21;34
5648;5301;10.037;8;4;0.374;21.830;1;21;34
5117;4683;11.036;8;4;0.374;21.830;1;21;34
6030;3596;12.036;8;4;0.374;21.830;1;21;34
4238;5619;13.035;8;4;0.374;21.830;1;21;34
14294;12930;14.035;8;4;0.374;21.830;1;21;34
3839;6754;15.034;8;4;0.374;21.830;1;21;34
3070;5005;16.033;8;4;0.374;21.830;1;21;34
3669;5288;17.033;8;4;0.374;21.830;1;21;34
4460;5566;18.032;8;4;0.374;21.830;1;21;34
5565;4976;19.032;8;4;0.374;21.830;1;21;34
4062;4754;20.031;8;4;0.374;21.830;1;21;34
3509;5648;21.030;8;4;0.374;21.830;1;21;34
2993;4545;22.030;8;4;0.374;21.830;1;21;34
-1521;-670;23.029;8;4;0.374;21.830;1;21;34
3318;4223;24.029;8;4;0.374;21.830;1;21;34
2280;2011;25.028;8;4;0.374;21.830;1;21;34
4426;6062;26.028;8;4;0.374;21.830;1;21;34
697;3927;27.027;8;4;0.374;21.830;1;21;34
2098;5373;28.027;8;4;0.374;21.830;1;21;34
-1136;5125;29.026;8;4;0.374;21.830;1;21;34
9;3176;30.026;8;4;0.374;21.830;1;21;34
1653;5237;31.025;8;4;0.374;21.830;1;21;34
2696;4268;32.024;8;4;0.374;21.830;1;21;34
7013;8119;33.024;8;4;0.374;21.830;1;21;34
3362;5030;34.023;8;4;0.374;21.830;1;21;34
2059;5522;35.023;8;4;0.374;21.830;1;21;34
787;3894;36.022;8;4;0.374;21.830;1;21;34
3100;5737;37.022;8;4;0.374;21.830;1;21;34
3015;6068;38.021;8;4;0.374;21.830;1;21;34
2989;6064;39.021;8;4;0.374;21.830;1;21;34
3013;6051;40.020;8;4;0.374;21.830;1;21;34
2993;6068;41.019;8;4;0.374;21.830;1;21;34
2668;5184;-2.956;8;4;0.490;22.230;1;21;34
2661;5172;-1.957;8;4;0.490;22.230;1;21;34
2674;5201;-0.957;8;4;0.490;22.230;1;21;34
2646;5207;0.043;8;4;0.490;22.230;1;21;34
4122;3541;1.042;8;4;0.490;22.230;1;21;34
3618;4228;2.042;8;4;0.490;22.230;1;21;34
4509;4114;3.041;8;4;0.490;22.230;1;21;34
5397;2214;4.040;8;4;0.490;22.230;1;21;34
1081;3603;5.040;8;4;0.490;22.230;1;21;34
3231;4402;6.039;8;4;0.490;22.230;1;21;34
4528;4565;7.038;8;4;0.490;22.230;1;21;34
4733;5950;8.038;8;4;0.490;22.230;1;21;34
-12577;2664;9.038;8;4;0.490;22.230;1;21;34
5648;5301;10.037;8;4;0.490;22.230;1;21;34
5117;4683;11.036;8;4;0.490;22.230;1;21;34
6030;3596;12.036;8;4;0.490;22.230;1;21;34
4238;5619;13.035;8;4;0.490;22.230;1;21;34
14294;12930;14.035;8;4;0.490;22.230;1;21;34
3839;6754;15.034;8;4;0.490;22.230;1;21;34
3070;5005;16.033;8;4;0.490;22.230;1;21;34
3669;5288;17.033;8;4;0.490;22.230;1;21;34
4460;5566;18.032;8;4;0.490;22.230;1;21;34
5565;4976;19.032;8;4;0.490;22.230;1;21;34
4062;4754;20.031;8;4;0.490;22.230;1;21;34
3509;5648;21.030;8;4;0.490;22.230;1;21;34
2993;4545;22.030;8;4;0.490;22.230;1;21;34
-1521;-670;23.029;8;4;0.490;22.230;1;21;34
3318;4223;24.029;8;4;0.490;22.230;1;21;34
2280;2011;25.028;8;4;0.490;22.230;1;21;34
4426;6062;26.028;8;4;0.490;22.230;1;21;34
697;3927;27.027;8;4;0.490;22.230;1;21;34
2098;5373;28.027;8;4;0.490;22.230;1;21;34
-1136;5125;29.026;8;4;0.490;22.230;1;21;34
9;3176;30.026;8;4;0.490;22.230;1;21;34
1653;5237;31.025;8;4;0.490;22.230;1;21;34
2696;4268;32.024;8;4;0.490;22.230;1;21;34
7013;8119;33.024;8;4;0.490;22.230;1;21;34
3362;5030;34.023;8;4;0.490;22.230;1;21;34
2059;5522;35.023;8;4;0.490;22.230;1;21;34
787;3894;36.022;8;4;0.490;22.230;1;21;34
3100;5737;37.022;8;4;0.490;22.230;1;21;34
3015;6068;38.021;8;4;0.490;22.230;1;21;34
2989;6064;39.021;8;4;0.490;22.230;1;21;34
3013;6051;40.020;8;4;0.490;22.230;1;21;34
2993;6068;41.019;8;4;0.490;22.230;1;21;34
2668;5184;-2.956;8;4;0.342;23.280;1;21;34
2661;5172;-1.957;8;4;0.342;23.280;1;21;34
2674;5201;-0.957;8;4;0.342;23.280;1;21;34
2646;5207;0.043;8;4;0.342;23.280;1;21;34
4122;3541;1.042;8;4;0.342;23.280;1;21;34
3618;4228;2.042;8;4;0.342;23.280;1;21;34
4509;4114;3.041;8;4;0.342;23.280;1;21;34
5397;2214;4.040;8;4;0.342;23.280;1;21;34
1081;3603;5.040;8;4;0.342;23.280;1;21;34
3231;4402;6.039;8;4;0.342;23.280;1;21;34
4528;4565;7.038;8;4;0.342;23.280;1;21;34
4733;5950;8.038;8;4;0.342;23.280;1;21;34
-12577;2664;9.038;8;4;0.342;23.280;1;21;34
5648;5301;10.037;8;4;0.342;23.280;1;21;34
5117;4683;11.036;8;4;0.342;23.280;1;21;34
6030;3596;12.036;8;4;0.342;23.280;1;21;34
4238;5619;13.035;8;4;0.342;23.280;1;21;34
14294;12930;14.035;8;4;0.342;23.280;1;21;34
3839;6754;15.034;8;4;0.342;23.280;1;21;34
3070;5005;16.033;8;4;0.342;23.280;1;21;34
3669;5288;17.033;8;4;0.342;23.280;1;21;34
4460;5566;18.032;8;4;0.342;23.280;1;21;34
5565;4976;19.032;8;4;0.342;23.280;1;21;34
4062;4754;20.031;8;4;0.342;23.280;1;21;34
3509;5648;21.030;8;4;0.342;23.280;1;21;34
2993;4545;22.030;8;4;0.342;23.280;1;21;34
-1521;-670;23.029;8;4;0.342;23.280;1;21;34
3318;4223;24.029;8;4;0.342;23.280;1;21;34
2280;2011;25.028;8;4;0.342;23.280;1;21;34
4426;6062;26.028;8;4;0.342;23.280;1;21;34
697;3927;27.027;8;4;0.342;23.280;1;21;34
2098;5373;28.027;8;4;0.342;23.280;1;21;34
-1136;5125;29.026;8;4;0.342;23.280;1;21;34
9;3176;30.026;8;4;0.342;23.280;1;21;34
1653;5237;31.025;8;4;0.342;23.280;1;21;34
2696;4268;32.024;8;4;0.342;23.280;1;21;34
7013;8119;33.024;8;4;0.342;23.280;1;21;34
3362;5030;34.023;8;4;0.342;23.280;1;21;34
2059;5522;35.023;8;4;0.342;23.280;1;21;34
787;3894;36.022;8;4;0.342;23.280;1;21;34
3100;5737;37.022;8;4;0.342;23.280;1;21;34
3015;6068;38.021;8;4;0.342;23.280;1;21;34
2989;6064;39.021;8;4;0.342;23.280;1;21;34
3013;6051;40.020;8;4;0.342;23.280;1;21;34
2993;6068;41.019;8;4;0.342;23.280;1;21;34
2668;5184;-2.956;8;4;0.631;25.178;1;21;34
2661;5172;-1.957;8;4;0.631;25.178;1;21;34
2674;5201;-0.957;8;4;0.631;25.178;1;21;34
2646;5207;0.043;8;4;0.631;25.178;1;21;34
4122;3541;1.042;8;4;0.631;25.178;1;21;34
3618;4228;2.042;8;4;0.631;25.178;1;21;34
4509;4114;3.041;8;4;0.631;25.178;1;21;34
5397;2214;4.040;8;4;0.631;25.178;1;21;34
1081;3603;5.040;8;4;0.631;25.178;1;21;34
3231;4402;6.039;8;4;0.631;25.178;1;21;34
4528;4565;7.038;8;4;0.631;25.178;1;21;34
4733;5950;8.038;8;4;0.631;25.178;1;21;34
-12577;2664;9.038;8;4;0.631;25.178;1;21;34
5648;5301;10.037;8;4;0.631;25.178;1;21;34
5117;4683;11.036;8;4;0.631;25.178;1;21;34
6030;3596;12.036;8;4;0.631;25.178;1;21;34
4238;5619;13.035;8;4;0.631;25.178;1;21;34
14294;12930;14.035;8;4;0.631;25.178;1;21;34
3839;6754;15.034;8;4;0.631;25.178;1;21;34
3070;5005;16.033;8;4;0.631;25.178;1;21;34
3669;5288;17.033;8;4;0.631;25.178;1;21;34
4460;5566;18.032;8;4;0.631;25.178;1;21;34
5565;4976;19.032;8;4;0.631;25.178;1;21;34
4062;4754;20.031;8;4;0.631;25.178;1;21;34
3509;5648;21.030;8;4;0.631;25.178;1;21;34
2993;4545;22.030;8;4;0.631;25.178;1;21;34
-1521;-670;23.029;8;4;0.631;25.178;1;21;34
3318;4223;24.029;8;4;0.631;25.178;1;21;34
2280;2011;25.028;8;4;0.631;25.178;1;21;34
4426;6062;26.028;8;4;0.631;25.178;1;21;34
697;3927;27.027;8;4;0.631;25.178;1;21;34
2098;5373;28.027;8;4;0.631;25.178;1;21;34
-1136;5125;29.026;8;4;0.631;25.178;1;21;34
9;3176;30.026;8;4;0.631;25.178;1;21;34
1653;5237;31.025;8;4;0.631;25.178;1;21;34
2696;4268;32.024;8;4;0.631;25.178;1;21;34
7013;8119;33.024;8;4;0.631;25.178;1;21;34
3362;5030;34.023;8;4;0.631;25.178;1;21;34
2059;5522;35.023;8;4;0.631;25.178;1;21;34
787;3894;36.022;8;4;0.631;25.178;1;21;34
3100;5737;37.022;8;4;0.631;25.178;1;21;34
3015;6068;38.021;8;4;0.631;25.178;1;21;34
2989;6064;39.021;8;4;0.631;25.178;1;21;34
3013;6051;40.020;8;4;0.631;25.178;1;21;34
2993;6068;41.019;8;4;0.631;25.178;1;21;34
2668;5184;-2.956;8;4;0.624;25.828;1;21;34
2661;5172;-1.957;8;4;0.624;25.828;1;21;34
2674;5201;-0.957;8;4;0.624;25.828;1;21;34
2646;5207;0.043;8;4;0.624;25.828;1;21;34
4122;3541;1.042;8;4;0.624;25.828;1;21;34
3618;4228;2.042;8;4;0.624;25.828;1;21;34
4509;4114;3.041;8;4;0.624;25.828;1;21;34
5397;2214;4.040;8;4;0.624;25.828;1;21;34
1081;3603;5.040;8;4;0.624;25.828;1;21;34
3231;4402;6.039;8;4;0.624;25.828;1;21;34
4528;4565;7.038;8;4;0.624;25.828;1;21;34
4733;5950;8.038;8;4;0.624;25.828;1;21;34
-12577;2664;9.038;8;4;0.624;25.828;1;21;34
5648;5301;10.037;8;4;0.624;25.828;1;21;34
5117;4683;11.036;8;4;0.624;25.828;1;21;34
6030;3596;12.036;8;4;0.624;25.828;1;21;34
4238;5619;13.035;8;4;0.624;25.828;1;21;34
14294;12930;14.035;8;4;0.624;25.828;1;21;34
3839;6754;15.034;8;4;0.624;25.828;1;21;34
3070;5005;16.033;8;4;0.624;25.828;1;21;34
3669;5288;17.033;8;4;0.624;25.828;1;21;34
4460;5566;18.032;8;4;0.624;25.828;1;21;34
5565;4976;19.032;8;4;0.624;25.828;1;21;34
4062;4754;20.031;8;4;0.624;25.828;1;21;34
3509;5648;21.030;8;4;0.624;25.828;1;21;34
2993;4545;22.030;8;4;0.624;25.828;1;21;34
-1521;-670;23.029;8;4;0.624;25.828;1;21;34
3318;4223;24.029;8;4;0.624;25.828;1;21;34
2280;2011;25.028;8;4;0.624;25.828;1;21;34
4426;6062;26.028;8;4;0.624;25.828;1;21;34
697;3927;27.027;8;4;0.624;25.828;1;21;34
2098;5373;28.027;8;4;0.624;25.828;1;21;34
-1136;5125;29.026;8;4;0.624;25.828;1;21;34
9;3176;30.026;8;4;0.624;25.828;1;21;34
1653;5237;31.025;8;4;0.624;25.828;1;21;34
2696;4268;32.024;8;4;0.624;25.828;1;21;34
7013;8119;33.024;8;4;0.624;25.828;1;21;34
3362;5030;34.023;8;4;0.624;25.828;1;21;34
2059;5522;35.023;8;4;0.624;25.828;1;21;34
787;3894;36.022;8;4;0.624;25.828;1;21;34
3100;5737;37.022;8;4;0.624;25.828;1;21;34
3015;6068;38.021;8;4;0.624;25.828;1;21;34
2989;6064;39.021;8;4;0.624;25.828;1;21;34
3013;6051;40.020;8;4;0.624;25.828;1;21;34
2993;6068;41.019;8;4;0.624;25.828;1;21;34
2668;5184;-2.956;8;4;0.611;29.576;1;21;34
2661;5172;-1.957;8;4;0.611;29.576;1;21;34
2674;5201;-0.957;8;4;0.611;29.576;1;21;34
2646;5207;0.043;8;4;0.611;29.576;1;21;34
4122;3541;1.042;8;4;0.611;29.576;1;21;34
3618;4228;2.042;8;4;0.611;29.576;1;21;34
4509;4114;3.041;8;4;0.611;29.576;1;21;34
5397;2214;4.040;8;4;0.611;29.576;1;21;34
1081;3603;5.040;8;4;0.611;29.576;1;21;34
3231;4402;6.039;8;4;0.611;29.576;1;21;34
4528;4565;7.038;8;4;0.611;29.576;1;21;34
4733;5950;8.038;8;4;0.611;29.576;1;21;34
-12577;2664;9.038;8;4;0.611;29.576;1;21;34
5648;5301;10.037;8;4;0.611;29.576;1;21;34
5117;4683;11.036;8;4;0.611;29.576;1;21;34
6030;3596;12.036;8;4;0.611;29.576;1;21;34
4238;5619;13.035;8;4;0.611;29.576;1;21;34
14294;12930;14.035;8;4;0.611;29.576;1;21;34
3839;6754;15.034;8;4;0.611;29.576;1;21;34
3070;5005;16.033;8;4;0.611;29.576;1;21;34
3669;5288;17.033;8;4;0.611;29.576;1;21;34
4460;5566;18.032;8;4;0.611;29.576;1;21;34
5565;4976;19.032;8;4;0.611;29.576;1;21;34
4062;4754;20.031;8;4;0.611;29.576;1;21;34
3509;5648;21.030;8;4;0.611;29.576;1;21;34
2993;4545;22.030;8;4;0.611;29.576;1;21;34
-1521;-670;23.029;8;4;0.611;29.576;1;21;34
3318;4223;24.029;8;4;0.611;29.576;1;21;34
2280;2011;25.028;8;4;0.611;29.576;1;21;34
4426;6062;26.028;8;4;0.611;29.576;1;21;34
697;3927;27.027;8;4;0.611;29.576;1;21;34
2098;5373;28.027;8;4;0.611;29.576;1;21;34
-1136;5125;29.026;8;4;0.611;29.576;1;21;34
9;3176;30.026;8;4;0.611;29.576;1;21;34
1653;5237;31.025;8;4;0.611;29.576;1;21;34
2696;4268;32.024;8;4;0.611;29.576;1;21;34
7013;8119;33.024;8;4;0.611;29.576;1;21;34
3362;5030;34.023;8;4;0.611;29.576;1;21;34
2059;5522;35.023;8;4;0.611;29.576;1;21;34
787;3894;36.022;8;4;0.611;29.576;1;21;34
3100;5737;37.022;8;4;0.611;29.576;1;21;34
3015;6068;38.021;8;4;0.611;29.576;1;21;34
2989;6064;39.021;8;4;0.611;29.576;1;21;34
3013;6051;40.020;8;4;0.611;29.576;1;21;34
2993;6068;41.019;8;4;0.611;29.576;1;21;34
2668;5184;-2.956;8;4;0.347;30.225;1;21;34
2661;5172;-1.957;8;4;0.347;30.225;1;21;34
2674;5201;-0.957;8;4;0.347;30.225;1;21;34
2646;5207;0.043;8;4;0.347;30.225;1;21;34
4122;3541;1.042;8;4;0.347;30.225;1;21;34
3618;4228;2.042;8;4;0.347;30.225;1;21;34
4509;4114;3.041;8;4;0.347;30.225;1;21;34
5397;2214;4.040;8;4;0.347;30.225;1;21;34
1081;3603;5.040;8;4;0.347;30.225;1;21;34
3231;4402;6.039;8;4;0.347;30.225;1;21;34
4528;4565;7.038;8;4;0.347;30.225;1;21;34
4733;5950;8.038;8;4;0.347;30.225;1;21;34
-12577;2664;9.038;8;4;0.347;30.225;1;21;34
5648;5301;10.037;8;4;0.347;30.225;1;21;34
5117;4683;11.036;8;4;0.347;30.225;1;21;34
6030;3596;12.036;8;4;0.347;30.225;1;21;34
4238;5619;13.035;8;4;0.347;30.225;1;21;34
14294;12930;14.035;8;4;0.347;30.225;1;21;34
3839;6754;15.034;8;4;0.347;30.225;1;21;34
3070;5005;16.033;8;4;0.347;30.225;1;21;34
3669;5288;17.033;8;4;0.347;30.225;1;21;34
4460;5566;18.032;8;4;0.347;30.225;1;21;34
5565;4976;19.032;8;4;0.347;30.225;1;21;34
4062;4754;20.031;8;4;0.347;30.225;1;21;34
3509;5648;21.030;8;4;0.347;30.225;1;21;34
2993;4545;22.030;8;4;0.347;30.225;1;21;34
-1521;-670;23.029;8;4;0.347;30.225;1;21;34
3318;4223;24.029;8;4;0.347;30.225;1;21;34
2280;2011;25.028;8;4;0.347;30.225;1;21;34
4426;6062;26.028;8;4;0.347;30.225;1;21;34
697;3927;27.027;8;4;0.347;30.225;1;21;34
2098;5373;28.027;8;4;0.347;30.225;1;21;34
-1136;5125;29.026;8;4;0.347;30.225;1;21;34
9;3176;30.026;8;4;0.347;30.225;1;21;34
1653;5237;31.025;8;4;0.347;30.225;1;21;34
2696;4268;32.024;8;4;0.347;30.225;1;21;34
7013;8119;33.024;8;4;0.347;30.225;1;21;34
3362;5030;34.023;8;4;0.347;30.225;1;21;34
2059;5522;35.023;8;4;0.347;30.225;1;21;34
787;3894;36.022;8;4;0.347;30.225;1;21;34
3100;5737;37.022;8;4;0.347;30.225;1;21;34
3015;6068;38.021;8;4;0.347;30.225;1;21;34
2989;6064;39.021;8;4;0.347;30.225;1;21;34
3013;6051;40.020;8;4;0.347;30.225;1;21;34
2993;6068;41.019;8;4;0.347;30.225;1;21;34
2668;5184;-2.956;7;4;0.215;31.775;1;21;34
2661;5172;-1.957;7;4;0.215;31.775;1;21;34
2674;5201;-0.957;7;4;0.215;31.775;1;21;34
2646;5207;0.043;7;4;0.215;31.775;1;21;34
4122;3541;1.042;7;4;0.215;31.775;1;21;34
3618;4228;2.042;7;4;0.215;31.775;1;21;34
4509;4114;3.041;7;4;0.215;31.775;1;21;34
5397;2214;4.040;7;4;0.215;31.775;1;21;34
1081;3603;5.040;7;4;0.215;31.775;1;21;34
3231;4402;6.039;7;4;0.215;31.775;1;21;34
4528;4565;7.038;7;4;0.215;31.775;1;21;34
4733;5950;8.038;7;4;0.215;31.775;1;21;34
-12577;2664;9.038;7;4;0.215;31.775;1;21;34
5648;5301;10.037;7;4;0.215;31.775;1;21;34
5117;4683;11.036;7;4;0.215;31.775;1;21;34
6030;3596;12.036;7;4;0.215;31.775;1;21;34
4238;5619;13.035;7;4;0.215;31.775;1;21;34
14294;12930;14.035;7;4;0.215;31.775;1;21;34
3839;6754;15.034;7;4;0.215;31.775;1;21;34
3070;5005;16.033;7;4;0.215;31.775;1;21;34
3669;5288;17.033;7;4;0.215;31.775;1;21;34
4460;5566;18.032;7;4;0.215;31.775;1;21;34
5565;4976;19.032;7;4;0.215;31.775;1;21;34
4062;4754;20.031;7;4;0.215;31.775;1;21;34
3509;5648;21.030;7;4;0.215;31.775;1;21;34
2993;4545;22.030;7;4;0.215;31.775;1;21;34
-1521;-670;23.029;7;4;0.215;31.775;1;21;34
3318;4223;24.029;7;4;0.215;31.775;1;21;34
2280;2011;25.028;7;4;0.215;31.775;1;21;34
4426;6062;26.028;7;4;0.215;31.775;1;21;34
697;3927;27.027;7;4;0.215;31.775;1;21;34
2098;5373;28.027;7;4;0.215;31.775;1;21;34
-1136;5125;29.026;7;4;0.215;31.775;1;21;34
9;3176;30.026;7;4;0.215;31.775;1;21;34
1653;5237;31.025;7;4;0.215;31.775;1;21;34
2696;4268;32.024;7;4;0.215;31.775;1;21;34
7013;8119;33.024;7;4;0.215;31.775;1;21;34
3362;5030;34.023;7;4;0.215;31.775;1;21;34
2059;5522;35.023;7;4;0.215;31.775;1;21;34
787;3894;36.022;7;4;0.215;31.775;1;21;34
3100;5737;37.022;7;4;0.215;31.775;1;21;34
3015;6068;38.021;7;4;0.215;31.775;1;21;34
2989;6064;39.021;7;4;0.215;31.775;1;21;34
3013;6051;40.020;7;4;0.215;31.775;1;21;34
2993;6068;41.019;7;4;0.215;31.775;1;21;34
2668;5184;-2.956;6;4;0.481;32.024;1;21;34
2661;5172;-1.957;6;4;0.481;32.024;1;21;34
2674;5201;-0.957;6;4;0.481;32.024;1;21;34
2646;5207;0.043;6;4;0.481;32.024;1;21;34
4122;3541;1.042;6;4;0.481;32.024;1;21;34
3618;4228;2.042;6;4;0.481;32.024;1;21;34
4509;4114;3.041;6;4;0.481;32.024;1;21;34
5397;2214;4.040;6;4;0.481;32.024;1;21;34
1081;3603;5.040;6;4;0.481;32.024;1;21;34
3231;4402;6.039;6;4;0.481;32.024;1;21;34
4528;4565;7.038;6;4;0.481;32.024;1;21;34
4733;5950;8.038;6;4;0.481;32.024;1;21;34
-12577;2664;9.038;6;4;0.481;32.024;1;21;34
5648;5301;10.037;6;4;0.481;32.024;1;21;34
5117;4683;11.036;6;4;0.481;32.024;1;21;34
6030;3596;12.036;6;4;0.481;32.024;1;21;34
4238;5619;13.035;6;4;0.481;32.024;1;21;34
14294;12930;14.035;6;4;0.481;32.024;1;21;34
3839;6754;15.034;6;4;0.481;32.024;1;21;34
3070;5005;16.033;6;4;0.481;32.024;1;21;34
3669;5288;17.033;6;4;0.481;32.024;1;21;34
4460;5566;18.032;6;4;0.481;32.024;1;21;34
5565;4976;19.032;6;4;0.481;32.024;1;21;34
4062;4754;20.031;6;4;0.481;32.024;1;21;34
3509;5648;21.030;6;4;0.481;32.024;1;21;34
2993;4545;22.030;6;4;0.481;32.024;1;21;34
-1521;-670;23.029;6;4;0.481;32.024;1;21;34
3318;4223;24.029;6;4;0.481;32.024;1;21;34
2280;2011;25.028;6;4;0.481;32.024;1;21;34
4426;6062;26.028;6;4;0.481;32.024;1;21;34
697;3927;27.027;6;4;0.481;32.024;1;21;34
2098;5373;28.027;6;4;0.481;32.024;1;21;34
-1136;5125;29.026;6;4;0.481;32.024;1;21;34
9;3176;30.026;6;4;0.481;32.024;1;21;34
1653;5237;31.025;6;4;0.481;32.024;1;21;34
2696;4268;32.024;6;4;0.481;32.024;1;21;34
7013;8119;33.024;6;4;0.481;32.024;1;21;34
3362;5030;34.023;6;4;0.481;32.024;1;21;34
2059;5522;35.023;6;4;0.481;32.024;1;21;34
787;3894;36.022;6;4;0.481;32.024;1;21;34
3100;5737;37.022;6;4;0.481;32.024;1;21;34
3015;6068;38.021;6;4;0.481;32.024;1;21;34
2989;6064;39.021;6;4;0.481;32.024;1;21;34
3013;6051;40.020;6;4;0.481;32.024;1;21;34
2993;6068;41.019;6;4;0.481;32.024;1;21;34
2668;5184;-2.956;8;4;0.497;32.524;1;21;34
2661;5172;-1.957;8;4;0.497;32.524;1;21;34
2674;5201;-0.957;8;4;0.497;32.524;1;21;34
2646;5207;0.043;8;4;0.497;32.524;1;21;34
4122;3541;1.042;8;4;0.497;32.524;1;21;34
3618;4228;2.042;8;4;0.497;32.524;1;21;34
4509;4114;3.041;8;4;0.497;32.524;1;21;34
5397;2214;4.040;8;4;0.497;32.524;1;21;34
1081;3603;5.040;8;4;0.497;32.524;1;21;34
3231;4402;6.039;8;4;0.497;32.524;1;21;34
4528;4565;7.038;8;4;0.497;32.524;1;21;34
4733;5950;8.038;8;4;0.497;32.524;1;21;34
-12577;2664;9.038;8;4;0.497;32.524;1;21;34
5648;5301;10.037;8;4;0.497;32.524;1;21;34
5117;4683;11.036;8;4;0.497;32.524;1;21;34
6030;3596;12.036;8;4;0.497;32.524;1;21;34
4238;5619;13.035;8;4;0.497;32.524;1;21;34
14294;12930;14.035;8;4;0.497;32.524;1;21;34
3839;6754;15.034;8;4;0.497;32.524;1;21;34
3070;5005;16.033;8;4;0.497;32.524;1;21;34
3669;5288;17.033;8;4;0.497;32.524;1;21;34
4460;5566;18.032;8;4;0.497;32.524;1;21;34
5565;4976;19.032;8;4;0.497;32.524;1;21;34
4062;4754;20.031;8;4;0.497;32.524;1;21;34
3509;5648;21.030;8;4;0.497;32.524;1;21;34
2993;4545;22.030;8;4;0.497;32.524;1;21;34
-1521;-670;23.029;8;4;0.497;32.524;1;21;34
3318;4223;24.029;8;4;0.497;32.524;1;21;34
2280;2011;25.028;8;4;0.497;32.524;1;21;34
4426;6062;26.028;8;4;0.497;32.524;1;21;34
697;3927;27.027;8;4;0.497;32.524;1;21;34
2098;5373;28.027;8;4;0.497;32.524;1;21;34
-1136;5125;29.026;8;4;0.497;32.524;1;21;34
9;3176;30.026;8;4;0.497;32.524;1;21;34
1653;5237;31.025;8;4;0.497;32.524;1;21;34
2696;4268;32.024;8;4;0.497;32.524;1;21;34
7013;8119;33.024;8;4;0.497;32.524;1;21;34
3362;5030;34.023;8;4;0.497;32.524;1;21;34
2059;5522;35.023;8;4;0.497;32.524;1;21;34
787;3894;36.022;8;4;0.497;32.524;1;21;34
3100;5737;37.022;8;4;0.497;32.524;1;21;34
3015;6068;38.021;8;4;0.497;32.524;1;21;34
2989;6064;39.021;8;4;0.497;32.524;1;21;34
3013;6051;40.020;8;4;0.497;32.524;1;21;34
2993;6068;41.019;8;4;0.497;32.524;1;21;34
2668;5184;-2.956;6;4;0.255;33.024;1;21;34
2661;5172;-1.957;6;4;0.255;33.024;1;21;34
2674;5201;-0.957;6;4;0.255;33.024;1;21;34
2646;5207;0.043;6;4;0.255;33.024;1;21;34
4122;3541;1.042;6;4;0.255;33.024;1;21;34
3618;4228;2.042;6;4;0.255;33.024;1;21;34
4509;4114;3.041;6;4;0.255;33.024;1;21;34
5397;2214;4.040;6;4;0.255;33.024;1;21;34
1081;3603;5.040;6;4;0.255;33.024;1;21;34
3231;4402;6.039;6;4;0.255;33.024;1;21;34
4528;4565;7.038;6;4;0.255;33.024;1;21;34
4733;5950;8.038;6;4;0.255;33.024;1;21;34
-12577;2664;9.038;6;4;0.255;33.024;1;21;34
5648;5301;10.037;6;4;0.255;33.024;1;21;34
5117;4683;11.036;6;4;0.255;33.024;1;21;34
6030;3596;12.036;6;4;0.255;33.024;1;21;34
4238;5619;13.035;6;4;0.255;33.024;1;21;34
14294;12930;14.035;6;4;0.255;33.024;1;21;34
3839;6754;15.034;6;4;0.255;33.024;1;21;34
3070;5005;16.033;6;4;0.255;33.024;1;21;34
3669;5288;17.033;6;4;0.255;33.024;1;21;34
4460;5566;18.032;6;4;0.255;33.024;1;21;34
5565;4976;19.032;6;4;0.255;33.024;1;21;34
4062;4754;20.031;6;4;0.255;33.024;1;21;34
3509;5648;21.030;6;4;0.255;33.024;1;21;34
2993;4545;22.030;6;4;0.255;33.024;1;21;34
-1521;-670;23.029;6;4;0.255;33.024;1;21;34
3318;4223;24.029;6;4;0.255;33.024;1;21;34
2280;2011;25.028;6;4;0.255;33.024;1;21;34
4426;6062;26.028;6;4;0.255;33.024;1;21;34
697;3927;27.027;6;4;0.255;33.024;1;21;34
2098;5373;28.027;6;4;0.255;33.024;1;21;34
-1136;5125;29.026;6;4;0.255;33.024;1;21;34
9;3176;30.026;6;4;0.255;33.024;1;21;34
1653;5237;31.025;6;4;0.255;33.024;1;21;34
2696;4268;32.024;6;4;0.255;33.024;1;21;34
7013;8119;33.024;6;4;0.255;33.024;1;21;34
3362;5030;34.023;6;4;0.255;33.024;1;21;34
2059;5522;35.023;6;4;0.255;33.024;1;21;34
787;3894;36.022;6;4;0.255;33.024;1;21;34
3100;5737;37.022;6;4;0.255;33.024;1;21;34
3015;6068;38.021;6;4;0.255;33.024;1;21;34
2989;6064;39.021;6;4;0.255;33.024;1;21;34
3013;6051;40.020;6;4;0.255;33.024;1;21;34
2993;6068;41.019;6;4;0.255;33.024;1;21;34
2668;5184;-2.956;10;4;0.599;33.324;1;21;34
2661;5172;-1.957;10;4;0.599;33.324;1;21;34
2674;5201;-0.957;10;4;0.599;33.324;1;21;34
2646;5207;0.043;10;4;0.599;33.324;1;21;34
4122;3541;1.042;10;4;0.599;33.324;1;21;34
3618;4228;2.042;10;4;0.599;33.324;1;21;34
4509;4114;3.041;10;4;0.599;33.324;1;21;34
5397;2214;4.040;10;4;0.599;33.324;1;21;34
1081;3603;5.040;10;4;0.599;33.324;1;21;34
3231;4402;6.039;10;4;0.599;33.324;1;21;34
4528;4565;7.038;10;4;0.599;33.324;1;21;34
4733;5950;8.038;10;4;0.599;33.324;1;21;34
-12577;2664;9.038;10;4;0.599;33.324;1;21;34
5648;5301;10.037;10;4;0.599;33.324;1;21;34
5117;4683;11.036;10;4;0.599;33.324;1;21;34
6030;3596;12.036;10;4;0.599;33.324;1;21;34
4238;5619;13.035;10;4;0.599;33.324;1;21;34
14294;12930;14.035;10;4;0.599;33.324;1;21;34
3839;6754;15.034;10;4;0.599;33.324;1;21;34
3070;5005;16.033;10;4;0.599;33.324;1;21;34
3669;5288;17.033;10;4;0.599;33.324;1;21;34
4460;5566;18.032;10;4;0.599;33.324;1;21;34
5565;4976;19.032;10;4;0.599;33.324;1;21;34
4062;4754;20.031;10;4;0.599;33.324;1;21;34
3509;5648;21.030;10;4;0.599;33.324;1;21;34
2993;4545;22.030;10;4;0.599;33.324;1;21;34
-1521;-670;23.029;10;4;0.599;33.324;1;21;34
3318;4223;24.029;10;4;0.599;33.324;1;21;34
2280;2011;25.028;10;4;0.599;33.324;1;21;34
4426;6062;26.028;10;4;0.599;33.324;1;21;34
697;3927;27.027;10;4;0.599;33.324;1;21;34
2098;5373;28.027;10;4;0.599;33.324;1;21;34
-1136;5125;29.026;10;4;0.599;33.324;1;21;34
9;3176;30.026;10;4;0.599;33.324;1;21;34
1653;5237;31.025;10;4;0.599;33.324;1;21;34
2696;4268;32.024;10;4;0.599;33.324;1;21;34
7013;8119;33.024;10;4;0.599;33.324;1;21;34
3362;5030;34.023;10;4;0.599;33.324;1;21;34
2059;5522;35.023;10;4;0.599;33.324;1;21;34
787;3894;36.022;10;4;0.599;33.324;1;21;34
3100;5737;37.022;10;4;0.599;33.324;1;21;34
3015;6068;38.021;10;4;0.599;33.324;1;21;34
2989;6064;39.021;10;4;0.599;33.324;1;21;34
3013;6051;40.020;10;4;0.599;33.324;1;21;34
2993;6068;41.019;10;4;0.599;33.324;1;21;34
2668;5184;-2.956;6;4;0.596;35.772;1;21;34
2661;5172;-1.957;6;4;0.596;35.772;1;21;34
2674;5201;-0.957;6;4;0.596;35.772;1;21;34
2646;5207;0.043;6;4;0.596;35.772;1;21;34
4122;3541;1.042;6;4;0.596;35.772;1;21;34
3618;4228;2.042;6;4;0.596;35.772;1;21;34
4509;4114;3.041;6;4;0.596;35.772;1;21;34
5397;2214;4.040;6;4;0.596;35.772;1;21;34
1081;3603;5.040;6;4;0.596;35.772;1;21;34
3231;4402;6.039;6;4;0.596;35.772;1;21;34
4528;4565;7.038;6;4;0.596;35.772;1;21;34
4733;5950;8.038;6;4;0.596;35.772;1;21;34
-12577;2664;9.038;6;4;0.596;35.772;1;21;34
5648;5301;10.037;6;4;0.596;35.772;1;21;34
5117;4683;11.036;6;4;0.596;35.772;1;21;34
6030;3596;12.036;6;4;0.596;35.772;1;21;34
4238;5619;13.035;6;4;0.596;35.772;1;21;34
14294;12930;14.035;6;4;0.596;35.772;1;21;34
3839;6754;15.034;6;4;0.596;35.772;1;21;34
3070;5005;16.033;6;4;0.596;35.772;1;21;34
3669;5288;17.033;6;4;0.596;35.772;1;21;34
4460;5566;18.032;6;4;0.596;35.772;1;21;34
5565;4976;19.032;6;4;0.596;35.772;1;21;34
4062;4754;20.031;6;4;0.596;35.772;1;21;34
3509;5648;21.030;6;4;0.596;35.772;1;21;34
2993;4545;22.030;6;4;0.596;35.772;1;21;34
-1521;-670;23.029;6;4;0.596;35.772;1;21;34
3318;4223;24.029;6;4;0.596;35.772;1;21;34
2280;2011;25.028;6;4;0.596;35.772;1;21;34
4426;6062;26.028;6;4;0.596;35.772;1;21;34
697;3927;27.027;6;4;0.596;35.772;1;21;34
2098;5373;28.027;6;4;0.596;35.772;1;21;34
-1136;5125;29.026;6;4;0.596;35.772;1;21;34
9;3176;30.026;6;4;0.596;35.772;1;21;34
1653;5237;31.025;6;4;0.596;35.772;1;21;34
2696;4268;32.024;6;4;0.596;35.772;1;21;34
7013;8119;33.024;6;4;0.596;35.772;1;21;34
3362;5030;34.023;6;4;0.596;35.772;1;21;34
2059;5522;35.023;6;4;0.596;35.772;1;21;34
787;3894;36.022;6;4;0.596;35.772;1;21;34
3100;5737;37.022;6;4;0.596;35.772;1;21;34
3015;6068;38.021;6;4;0.596;35.772;1;21;34
2989;6064;39.021;6;4;0.596;35.772;1;21;34
3013;6051;40.020;6;4;0.596;35.772;1;21;34
2993;6068;41.019;6;4;0.596;35.772;1;21;34
